season,date,location,race_id,circuitName,weather,lat,long,name,status
2017,2017-03-26,Melbourne,60,Albert Park Grand Prix Circuit,partly cloudy 24°c  (75°f) air temperature 33.5°c  (92.5°f) track temperature 2m/s  (4.5mph  7.2km/h) wind from the northwest sunny dry 23°c,-37.8497,144.968,Lewis Hamilton,F
2017,2017-03-26,Melbourne,60,Albert Park Grand Prix Circuit,partly cloudy 24°c  (75°f) air temperature 33.5°c  (92.5°f) track temperature 2m/s  (4.5mph  7.2km/h) wind from the northwest sunny dry 23°c,-37.8497,144.968,Daniel Ricciardo,DNF
2017,2017-03-26,Melbourne,60,Albert Park Grand Prix Circuit,partly cloudy 24°c  (75°f) air temperature 33.5°c  (92.5°f) track temperature 2m/s  (4.5mph  7.2km/h) wind from the northwest sunny dry 23°c,-37.8497,144.968,Kevin Magnussen,DNF
2017,2017-03-26,Melbourne,60,Albert Park Grand Prix Circuit,partly cloudy 24°c  (75°f) air temperature 33.5°c  (92.5°f) track temperature 2m/s  (4.5mph  7.2km/h) wind from the northwest sunny dry 23°c,-37.8497,144.968,Fernando Alonso,DNF
2017,2017-03-26,Melbourne,60,Albert Park Grand Prix Circuit,partly cloudy 24°c  (75°f) air temperature 33.5°c  (92.5°f) track temperature 2m/s  (4.5mph  7.2km/h) wind from the northwest sunny dry 23°c,-37.8497,144.968,Nico Hulkenberg,F
2017,2017-03-26,Melbourne,60,Albert Park Grand Prix Circuit,partly cloudy 24°c  (75°f) air temperature 33.5°c  (92.5°f) track temperature 2m/s  (4.5mph  7.2km/h) wind from the northwest sunny dry 23°c,-37.8497,144.968,Daniil Kvyat,F
2017,2017-03-26,Melbourne,60,Albert Park Grand Prix Circuit,partly cloudy 24°c  (75°f) air temperature 33.5°c  (92.5°f) track temperature 2m/s  (4.5mph  7.2km/h) wind from the northwest sunny dry 23°c,-37.8497,144.968,Felipe Massa,F
2017,2017-03-26,Melbourne,60,Albert Park Grand Prix Circuit,partly cloudy 24°c  (75°f) air temperature 33.5°c  (92.5°f) track temperature 2m/s  (4.5mph  7.2km/h) wind from the northwest sunny dry 23°c,-37.8497,144.968,Kimi Raikkonen,F
2017,2017-03-26,Melbourne,60,Albert Park Grand Prix Circuit,partly cloudy 24°c  (75°f) air temperature 33.5°c  (92.5°f) track temperature 2m/s  (4.5mph  7.2km/h) wind from the northwest sunny dry 23°c,-37.8497,144.968,Sebastian Vettel,F
2017,2017-03-26,Melbourne,60,Albert Park Grand Prix Circuit,partly cloudy 24°c  (75°f) air temperature 33.5°c  (92.5°f) track temperature 2m/s  (4.5mph  7.2km/h) wind from the northwest sunny dry 23°c,-37.8497,144.968,Valtteri Bottas,F
2017,2017-03-26,Melbourne,60,Albert Park Grand Prix Circuit,partly cloudy 24°c  (75°f) air temperature 33.5°c  (92.5°f) track temperature 2m/s  (4.5mph  7.2km/h) wind from the northwest sunny dry 23°c,-37.8497,144.968,Sergio Perez,F
2017,2017-03-26,Melbourne,60,Albert Park Grand Prix Circuit,partly cloudy 24°c  (75°f) air temperature 33.5°c  (92.5°f) track temperature 2m/s  (4.5mph  7.2km/h) wind from the northwest sunny dry 23°c,-37.8497,144.968,Marcus Ericsson,DNF
2017,2017-03-26,Melbourne,60,Albert Park Grand Prix Circuit,partly cloudy 24°c  (75°f) air temperature 33.5°c  (92.5°f) track temperature 2m/s  (4.5mph  7.2km/h) wind from the northwest sunny dry 23°c,-37.8497,144.968,Romain Grosjean,DNF
2017,2017-03-26,Melbourne,60,Albert Park Grand Prix Circuit,partly cloudy 24°c  (75°f) air temperature 33.5°c  (92.5°f) track temperature 2m/s  (4.5mph  7.2km/h) wind from the northwest sunny dry 23°c,-37.8497,144.968,Carlos Sainz Jnr,F
2017,2017-03-26,Melbourne,60,Albert Park Grand Prix Circuit,partly cloudy 24°c  (75°f) air temperature 33.5°c  (92.5°f) track temperature 2m/s  (4.5mph  7.2km/h) wind from the northwest sunny dry 23°c,-37.8497,144.968,Max Verstappen,F
2017,2017-03-26,Melbourne,60,Albert Park Grand Prix Circuit,partly cloudy 24°c  (75°f) air temperature 33.5°c  (92.5°f) track temperature 2m/s  (4.5mph  7.2km/h) wind from the northwest sunny dry 23°c,-37.8497,144.968,Jolyon Palmer,DNF
2017,2017-03-26,Melbourne,60,Albert Park Grand Prix Circuit,partly cloudy 24°c  (75°f) air temperature 33.5°c  (92.5°f) track temperature 2m/s  (4.5mph  7.2km/h) wind from the northwest sunny dry 23°c,-37.8497,144.968,Stoffel Vandoorne,F
2017,2017-03-26,Melbourne,60,Albert Park Grand Prix Circuit,partly cloudy 24°c  (75°f) air temperature 33.5°c  (92.5°f) track temperature 2m/s  (4.5mph  7.2km/h) wind from the northwest sunny dry 23°c,-37.8497,144.968,Esteban Ocon,F
2017,2017-03-26,Melbourne,60,Albert Park Grand Prix Circuit,partly cloudy 24°c  (75°f) air temperature 33.5°c  (92.5°f) track temperature 2m/s  (4.5mph  7.2km/h) wind from the northwest sunny dry 23°c,-37.8497,144.968,Antonio Giovinazzi,F
2017,2017-03-26,Melbourne,60,Albert Park Grand Prix Circuit,partly cloudy 24°c  (75°f) air temperature 33.5°c  (92.5°f) track temperature 2m/s  (4.5mph  7.2km/h) wind from the northwest sunny dry 23°c,-37.8497,144.968,Lance Stroll,DNF
2017,2017-04-09,Shanghai,61,Shanghai International Circuit,"light rain at start, drying later . 12°c",31.3389,121.22,Lewis Hamilton,F
2017,2017-04-09,Shanghai,61,Shanghai International Circuit,"light rain at start, drying later . 12°c",31.3389,121.22,Daniel Ricciardo,F
2017,2017-04-09,Shanghai,61,Shanghai International Circuit,"light rain at start, drying later . 12°c",31.3389,121.22,Kevin Magnussen,F
2017,2017-04-09,Shanghai,61,Shanghai International Circuit,"light rain at start, drying later . 12°c",31.3389,121.22,Fernando Alonso,DNF
2017,2017-04-09,Shanghai,61,Shanghai International Circuit,"light rain at start, drying later . 12°c",31.3389,121.22,Nico Hulkenberg,F
2017,2017-04-09,Shanghai,61,Shanghai International Circuit,"light rain at start, drying later . 12°c",31.3389,121.22,Daniil Kvyat,DNF
2017,2017-04-09,Shanghai,61,Shanghai International Circuit,"light rain at start, drying later . 12°c",31.3389,121.22,Felipe Massa,F
2017,2017-04-09,Shanghai,61,Shanghai International Circuit,"light rain at start, drying later . 12°c",31.3389,121.22,Kimi Raikkonen,F
2017,2017-04-09,Shanghai,61,Shanghai International Circuit,"light rain at start, drying later . 12°c",31.3389,121.22,Sebastian Vettel,F
2017,2017-04-09,Shanghai,61,Shanghai International Circuit,"light rain at start, drying later . 12°c",31.3389,121.22,Valtteri Bottas,F
2017,2017-04-09,Shanghai,61,Shanghai International Circuit,"light rain at start, drying later . 12°c",31.3389,121.22,Sergio Perez,F
2017,2017-04-09,Shanghai,61,Shanghai International Circuit,"light rain at start, drying later . 12°c",31.3389,121.22,Marcus Ericsson,F
2017,2017-04-09,Shanghai,61,Shanghai International Circuit,"light rain at start, drying later . 12°c",31.3389,121.22,Romain Grosjean,F
2017,2017-04-09,Shanghai,61,Shanghai International Circuit,"light rain at start, drying later . 12°c",31.3389,121.22,Carlos Sainz Jnr,F
2017,2017-04-09,Shanghai,61,Shanghai International Circuit,"light rain at start, drying later . 12°c",31.3389,121.22,Max Verstappen,F
2017,2017-04-09,Shanghai,61,Shanghai International Circuit,"light rain at start, drying later . 12°c",31.3389,121.22,Jolyon Palmer,F
2017,2017-04-09,Shanghai,61,Shanghai International Circuit,"light rain at start, drying later . 12°c",31.3389,121.22,Stoffel Vandoorne,DNF
2017,2017-04-09,Shanghai,61,Shanghai International Circuit,"light rain at start, drying later . 12°c",31.3389,121.22,Esteban Ocon,F
2017,2017-04-09,Shanghai,61,Shanghai International Circuit,"light rain at start, drying later . 12°c",31.3389,121.22,Antonio Giovinazzi,DNF
2017,2017-04-09,Shanghai,61,Shanghai International Circuit,"light rain at start, drying later . 12°c",31.3389,121.22,Lance Stroll,DNF
2017,2017-04-16,Sakhir,62,Bahrain International Circuit,None 31°c dry,26.0325,50.5106,Lewis Hamilton,F
2017,2017-04-16,Sakhir,62,Bahrain International Circuit,None 31°c dry,26.0325,50.5106,Daniel Ricciardo,F
2017,2017-04-16,Sakhir,62,Bahrain International Circuit,None 31°c dry,26.0325,50.5106,Kevin Magnussen,DNF
2017,2017-04-16,Sakhir,62,Bahrain International Circuit,None 31°c dry,26.0325,50.5106,Fernando Alonso,DNF
2017,2017-04-16,Sakhir,62,Bahrain International Circuit,None 31°c dry,26.0325,50.5106,Nico Hulkenberg,F
2017,2017-04-16,Sakhir,62,Bahrain International Circuit,None 31°c dry,26.0325,50.5106,Daniil Kvyat,F
2017,2017-04-16,Sakhir,62,Bahrain International Circuit,None 31°c dry,26.0325,50.5106,Felipe Massa,F
2017,2017-04-16,Sakhir,62,Bahrain International Circuit,None 31°c dry,26.0325,50.5106,Kimi Raikkonen,F
2017,2017-04-16,Sakhir,62,Bahrain International Circuit,None 31°c dry,26.0325,50.5106,Sebastian Vettel,F
2017,2017-04-16,Sakhir,62,Bahrain International Circuit,None 31°c dry,26.0325,50.5106,Valtteri Bottas,F
2017,2017-04-16,Sakhir,62,Bahrain International Circuit,None 31°c dry,26.0325,50.5106,Sergio Perez,F
2017,2017-04-16,Sakhir,62,Bahrain International Circuit,None 31°c dry,26.0325,50.5106,Marcus Ericsson,DNF
2017,2017-04-16,Sakhir,62,Bahrain International Circuit,None 31°c dry,26.0325,50.5106,Romain Grosjean,F
2017,2017-04-16,Sakhir,62,Bahrain International Circuit,None 31°c dry,26.0325,50.5106,Carlos Sainz Jnr,DNF
2017,2017-04-16,Sakhir,62,Bahrain International Circuit,None 31°c dry,26.0325,50.5106,Max Verstappen,DNF
2017,2017-04-16,Sakhir,62,Bahrain International Circuit,None 31°c dry,26.0325,50.5106,Jolyon Palmer,F
2017,2017-04-16,Sakhir,62,Bahrain International Circuit,None 31°c dry,26.0325,50.5106,Stoffel Vandoorne,DNF
2017,2017-04-16,Sakhir,62,Bahrain International Circuit,None 31°c dry,26.0325,50.5106,Esteban Ocon,F
2017,2017-04-16,Sakhir,62,Bahrain International Circuit,None 31°c dry,26.0325,50.5106,Lance Stroll,DNF
2017,2017-04-16,Sakhir,62,Bahrain International Circuit,None 31°c dry,26.0325,50.5106,Pascal Wehrlein,F
2017,2017-04-30,Sochi,63,Sochi Autodrom,None sunny clear sky 26°c,43.4057,39.9578,Lewis Hamilton,F
2017,2017-04-30,Sochi,63,Sochi Autodrom,None sunny clear sky 26°c,43.4057,39.9578,Daniel Ricciardo,DNF
2017,2017-04-30,Sochi,63,Sochi Autodrom,None sunny clear sky 26°c,43.4057,39.9578,Kevin Magnussen,F
2017,2017-04-30,Sochi,63,Sochi Autodrom,None sunny clear sky 26°c,43.4057,39.9578,Fernando Alonso,DNF
2017,2017-04-30,Sochi,63,Sochi Autodrom,None sunny clear sky 26°c,43.4057,39.9578,Nico Hulkenberg,F
2017,2017-04-30,Sochi,63,Sochi Autodrom,None sunny clear sky 26°c,43.4057,39.9578,Daniil Kvyat,F
2017,2017-04-30,Sochi,63,Sochi Autodrom,None sunny clear sky 26°c,43.4057,39.9578,Felipe Massa,F
2017,2017-04-30,Sochi,63,Sochi Autodrom,None sunny clear sky 26°c,43.4057,39.9578,Kimi Raikkonen,F
2017,2017-04-30,Sochi,63,Sochi Autodrom,None sunny clear sky 26°c,43.4057,39.9578,Sebastian Vettel,F
2017,2017-04-30,Sochi,63,Sochi Autodrom,None sunny clear sky 26°c,43.4057,39.9578,Valtteri Bottas,F
2017,2017-04-30,Sochi,63,Sochi Autodrom,None sunny clear sky 26°c,43.4057,39.9578,Sergio Perez,F
2017,2017-04-30,Sochi,63,Sochi Autodrom,None sunny clear sky 26°c,43.4057,39.9578,Marcus Ericsson,F
2017,2017-04-30,Sochi,63,Sochi Autodrom,None sunny clear sky 26°c,43.4057,39.9578,Romain Grosjean,DNF
2017,2017-04-30,Sochi,63,Sochi Autodrom,None sunny clear sky 26°c,43.4057,39.9578,Carlos Sainz Jnr,F
2017,2017-04-30,Sochi,63,Sochi Autodrom,None sunny clear sky 26°c,43.4057,39.9578,Max Verstappen,F
2017,2017-04-30,Sochi,63,Sochi Autodrom,None sunny clear sky 26°c,43.4057,39.9578,Jolyon Palmer,DNF
2017,2017-04-30,Sochi,63,Sochi Autodrom,None sunny clear sky 26°c,43.4057,39.9578,Stoffel Vandoorne,F
2017,2017-04-30,Sochi,63,Sochi Autodrom,None sunny clear sky 26°c,43.4057,39.9578,Esteban Ocon,F
2017,2017-04-30,Sochi,63,Sochi Autodrom,None sunny clear sky 26°c,43.4057,39.9578,Lance Stroll,F
2017,2017-04-30,Sochi,63,Sochi Autodrom,None sunny clear sky 26°c,43.4057,39.9578,Pascal Wehrlein,F
2017,2017-06-11,Montreal,66,Circuit Gilles Villeneuve,sunny  and hot with temperatures reaching up to 29°c  (84°f)  wind speeds reaching 12.9 kilometres per hour  (8.0mph) sunny clear sky 29°c,45.5,-73.5228,Lewis Hamilton,F
2017,2017-06-11,Montreal,66,Circuit Gilles Villeneuve,sunny  and hot with temperatures reaching up to 29°c  (84°f)  wind speeds reaching 12.9 kilometres per hour  (8.0mph) sunny clear sky 29°c,45.5,-73.5228,Daniel Ricciardo,F
2017,2017-06-11,Montreal,66,Circuit Gilles Villeneuve,sunny  and hot with temperatures reaching up to 29°c  (84°f)  wind speeds reaching 12.9 kilometres per hour  (8.0mph) sunny clear sky 29°c,45.5,-73.5228,Kevin Magnussen,F
2017,2017-06-11,Montreal,66,Circuit Gilles Villeneuve,sunny  and hot with temperatures reaching up to 29°c  (84°f)  wind speeds reaching 12.9 kilometres per hour  (8.0mph) sunny clear sky 29°c,45.5,-73.5228,Fernando Alonso,DNF
2017,2017-06-11,Montreal,66,Circuit Gilles Villeneuve,sunny  and hot with temperatures reaching up to 29°c  (84°f)  wind speeds reaching 12.9 kilometres per hour  (8.0mph) sunny clear sky 29°c,45.5,-73.5228,Nico Hulkenberg,F
2017,2017-06-11,Montreal,66,Circuit Gilles Villeneuve,sunny  and hot with temperatures reaching up to 29°c  (84°f)  wind speeds reaching 12.9 kilometres per hour  (8.0mph) sunny clear sky 29°c,45.5,-73.5228,Daniil Kvyat,DNF
2017,2017-06-11,Montreal,66,Circuit Gilles Villeneuve,sunny  and hot with temperatures reaching up to 29°c  (84°f)  wind speeds reaching 12.9 kilometres per hour  (8.0mph) sunny clear sky 29°c,45.5,-73.5228,Felipe Massa,DNF
2017,2017-06-11,Montreal,66,Circuit Gilles Villeneuve,sunny  and hot with temperatures reaching up to 29°c  (84°f)  wind speeds reaching 12.9 kilometres per hour  (8.0mph) sunny clear sky 29°c,45.5,-73.5228,Kimi Raikkonen,F
2017,2017-06-11,Montreal,66,Circuit Gilles Villeneuve,sunny  and hot with temperatures reaching up to 29°c  (84°f)  wind speeds reaching 12.9 kilometres per hour  (8.0mph) sunny clear sky 29°c,45.5,-73.5228,Sebastian Vettel,F
2017,2017-06-11,Montreal,66,Circuit Gilles Villeneuve,sunny  and hot with temperatures reaching up to 29°c  (84°f)  wind speeds reaching 12.9 kilometres per hour  (8.0mph) sunny clear sky 29°c,45.5,-73.5228,Valtteri Bottas,F
2017,2017-06-11,Montreal,66,Circuit Gilles Villeneuve,sunny  and hot with temperatures reaching up to 29°c  (84°f)  wind speeds reaching 12.9 kilometres per hour  (8.0mph) sunny clear sky 29°c,45.5,-73.5228,Sergio Perez,F
2017,2017-06-11,Montreal,66,Circuit Gilles Villeneuve,sunny  and hot with temperatures reaching up to 29°c  (84°f)  wind speeds reaching 12.9 kilometres per hour  (8.0mph) sunny clear sky 29°c,45.5,-73.5228,Marcus Ericsson,F
2017,2017-06-11,Montreal,66,Circuit Gilles Villeneuve,sunny  and hot with temperatures reaching up to 29°c  (84°f)  wind speeds reaching 12.9 kilometres per hour  (8.0mph) sunny clear sky 29°c,45.5,-73.5228,Romain Grosjean,F
2017,2017-06-11,Montreal,66,Circuit Gilles Villeneuve,sunny  and hot with temperatures reaching up to 29°c  (84°f)  wind speeds reaching 12.9 kilometres per hour  (8.0mph) sunny clear sky 29°c,45.5,-73.5228,Carlos Sainz Jnr,DNF
2017,2017-06-11,Montreal,66,Circuit Gilles Villeneuve,sunny  and hot with temperatures reaching up to 29°c  (84°f)  wind speeds reaching 12.9 kilometres per hour  (8.0mph) sunny clear sky 29°c,45.5,-73.5228,Max Verstappen,DNF
2017,2017-06-11,Montreal,66,Circuit Gilles Villeneuve,sunny  and hot with temperatures reaching up to 29°c  (84°f)  wind speeds reaching 12.9 kilometres per hour  (8.0mph) sunny clear sky 29°c,45.5,-73.5228,Jolyon Palmer,F
2017,2017-06-11,Montreal,66,Circuit Gilles Villeneuve,sunny  and hot with temperatures reaching up to 29°c  (84°f)  wind speeds reaching 12.9 kilometres per hour  (8.0mph) sunny clear sky 29°c,45.5,-73.5228,Stoffel Vandoorne,F
2017,2017-06-11,Montreal,66,Circuit Gilles Villeneuve,sunny  and hot with temperatures reaching up to 29°c  (84°f)  wind speeds reaching 12.9 kilometres per hour  (8.0mph) sunny clear sky 29°c,45.5,-73.5228,Esteban Ocon,F
2017,2017-06-11,Montreal,66,Circuit Gilles Villeneuve,sunny  and hot with temperatures reaching up to 29°c  (84°f)  wind speeds reaching 12.9 kilometres per hour  (8.0mph) sunny clear sky 29°c,45.5,-73.5228,Lance Stroll,F
2017,2017-06-11,Montreal,66,Circuit Gilles Villeneuve,sunny  and hot with temperatures reaching up to 29°c  (84°f)  wind speeds reaching 12.9 kilometres per hour  (8.0mph) sunny clear sky 29°c,45.5,-73.5228,Pascal Wehrlein,F
2017,2017-06-25,Baku,67,Baku City Circuit,sunny  sunny clear sky 26°c,40.3725,49.8533,Lewis Hamilton,F
2017,2017-06-25,Baku,67,Baku City Circuit,sunny  sunny clear sky 26°c,40.3725,49.8533,Daniel Ricciardo,F
2017,2017-06-25,Baku,67,Baku City Circuit,sunny  sunny clear sky 26°c,40.3725,49.8533,Kevin Magnussen,F
2017,2017-06-25,Baku,67,Baku City Circuit,sunny  sunny clear sky 26°c,40.3725,49.8533,Fernando Alonso,F
2017,2017-06-25,Baku,67,Baku City Circuit,sunny  sunny clear sky 26°c,40.3725,49.8533,Nico Hulkenberg,DNF
2017,2017-06-25,Baku,67,Baku City Circuit,sunny  sunny clear sky 26°c,40.3725,49.8533,Daniil Kvyat,DNF
2017,2017-06-25,Baku,67,Baku City Circuit,sunny  sunny clear sky 26°c,40.3725,49.8533,Felipe Massa,DNF
2017,2017-06-25,Baku,67,Baku City Circuit,sunny  sunny clear sky 26°c,40.3725,49.8533,Kimi Raikkonen,DNF
2017,2017-06-25,Baku,67,Baku City Circuit,sunny  sunny clear sky 26°c,40.3725,49.8533,Sebastian Vettel,F
2017,2017-06-25,Baku,67,Baku City Circuit,sunny  sunny clear sky 26°c,40.3725,49.8533,Valtteri Bottas,F
2017,2017-06-25,Baku,67,Baku City Circuit,sunny  sunny clear sky 26°c,40.3725,49.8533,Sergio Perez,DNF
2017,2017-06-25,Baku,67,Baku City Circuit,sunny  sunny clear sky 26°c,40.3725,49.8533,Marcus Ericsson,F
2017,2017-06-25,Baku,67,Baku City Circuit,sunny  sunny clear sky 26°c,40.3725,49.8533,Romain Grosjean,F
2017,2017-06-25,Baku,67,Baku City Circuit,sunny  sunny clear sky 26°c,40.3725,49.8533,Carlos Sainz Jnr,F
2017,2017-06-25,Baku,67,Baku City Circuit,sunny  sunny clear sky 26°c,40.3725,49.8533,Max Verstappen,DNF
2017,2017-06-25,Baku,67,Baku City Circuit,sunny  sunny clear sky 26°c,40.3725,49.8533,Jolyon Palmer,DNF
2017,2017-06-25,Baku,67,Baku City Circuit,sunny  sunny clear sky 26°c,40.3725,49.8533,Stoffel Vandoorne,F
2017,2017-06-25,Baku,67,Baku City Circuit,sunny  sunny clear sky 26°c,40.3725,49.8533,Esteban Ocon,F
2017,2017-06-25,Baku,67,Baku City Circuit,sunny  sunny clear sky 26°c,40.3725,49.8533,Lance Stroll,F
2017,2017-06-25,Baku,67,Baku City Circuit,sunny  sunny clear sky 26°c,40.3725,49.8533,Pascal Wehrlein,F
2017,2017-07-16,Silverstone,69,Silverstone Circuit,overcast sunny clear sky 23°c,52.0786,-1.01694,Lewis Hamilton,F
2017,2017-07-16,Silverstone,69,Silverstone Circuit,overcast sunny clear sky 23°c,52.0786,-1.01694,Daniel Ricciardo,F
2017,2017-07-16,Silverstone,69,Silverstone Circuit,overcast sunny clear sky 23°c,52.0786,-1.01694,Kevin Magnussen,F
2017,2017-07-16,Silverstone,69,Silverstone Circuit,overcast sunny clear sky 23°c,52.0786,-1.01694,Fernando Alonso,DNF
2017,2017-07-16,Silverstone,69,Silverstone Circuit,overcast sunny clear sky 23°c,52.0786,-1.01694,Nico Hulkenberg,F
2017,2017-07-16,Silverstone,69,Silverstone Circuit,overcast sunny clear sky 23°c,52.0786,-1.01694,Daniil Kvyat,F
2017,2017-07-16,Silverstone,69,Silverstone Circuit,overcast sunny clear sky 23°c,52.0786,-1.01694,Felipe Massa,F
2017,2017-07-16,Silverstone,69,Silverstone Circuit,overcast sunny clear sky 23°c,52.0786,-1.01694,Kimi Raikkonen,F
2017,2017-07-16,Silverstone,69,Silverstone Circuit,overcast sunny clear sky 23°c,52.0786,-1.01694,Sebastian Vettel,F
2017,2017-07-16,Silverstone,69,Silverstone Circuit,overcast sunny clear sky 23°c,52.0786,-1.01694,Valtteri Bottas,F
2017,2017-07-16,Silverstone,69,Silverstone Circuit,overcast sunny clear sky 23°c,52.0786,-1.01694,Sergio Perez,F
2017,2017-07-16,Silverstone,69,Silverstone Circuit,overcast sunny clear sky 23°c,52.0786,-1.01694,Marcus Ericsson,F
2017,2017-07-16,Silverstone,69,Silverstone Circuit,overcast sunny clear sky 23°c,52.0786,-1.01694,Romain Grosjean,F
2017,2017-07-16,Silverstone,69,Silverstone Circuit,overcast sunny clear sky 23°c,52.0786,-1.01694,Carlos Sainz Jnr,DNF
2017,2017-07-16,Silverstone,69,Silverstone Circuit,overcast sunny clear sky 23°c,52.0786,-1.01694,Max Verstappen,F
2017,2017-07-16,Silverstone,69,Silverstone Circuit,overcast sunny clear sky 23°c,52.0786,-1.01694,Jolyon Palmer,DNF
2017,2017-07-16,Silverstone,69,Silverstone Circuit,overcast sunny clear sky 23°c,52.0786,-1.01694,Stoffel Vandoorne,F
2017,2017-07-16,Silverstone,69,Silverstone Circuit,overcast sunny clear sky 23°c,52.0786,-1.01694,Esteban Ocon,F
2017,2017-07-16,Silverstone,69,Silverstone Circuit,overcast sunny clear sky 23°c,52.0786,-1.01694,Lance Stroll,F
2017,2017-07-16,Silverstone,69,Silverstone Circuit,overcast sunny clear sky 23°c,52.0786,-1.01694,Pascal Wehrlein,F
2017,2017-07-30,Budapest,70,Hungaroring,sunny  sunny clear sky 27°c,47.5789,19.2486,Lewis Hamilton,F
2017,2017-07-30,Budapest,70,Hungaroring,sunny  sunny clear sky 27°c,47.5789,19.2486,Daniel Ricciardo,DNF
2017,2017-07-30,Budapest,70,Hungaroring,sunny  sunny clear sky 27°c,47.5789,19.2486,Kevin Magnussen,F
2017,2017-07-30,Budapest,70,Hungaroring,sunny  sunny clear sky 27°c,47.5789,19.2486,Fernando Alonso,F
2017,2017-07-30,Budapest,70,Hungaroring,sunny  sunny clear sky 27°c,47.5789,19.2486,Nico Hulkenberg,DNF
2017,2017-07-30,Budapest,70,Hungaroring,sunny  sunny clear sky 27°c,47.5789,19.2486,Daniil Kvyat,F
2017,2017-07-30,Budapest,70,Hungaroring,sunny  sunny clear sky 27°c,47.5789,19.2486,Kimi Raikkonen,F
2017,2017-07-30,Budapest,70,Hungaroring,sunny  sunny clear sky 27°c,47.5789,19.2486,Sebastian Vettel,F
2017,2017-07-30,Budapest,70,Hungaroring,sunny  sunny clear sky 27°c,47.5789,19.2486,Valtteri Bottas,F
2017,2017-07-30,Budapest,70,Hungaroring,sunny  sunny clear sky 27°c,47.5789,19.2486,Sergio Perez,F
2017,2017-07-30,Budapest,70,Hungaroring,sunny  sunny clear sky 27°c,47.5789,19.2486,Marcus Ericsson,F
2017,2017-07-30,Budapest,70,Hungaroring,sunny  sunny clear sky 27°c,47.5789,19.2486,Romain Grosjean,DNF
2017,2017-07-30,Budapest,70,Hungaroring,sunny  sunny clear sky 27°c,47.5789,19.2486,Carlos Sainz Jnr,F
2017,2017-07-30,Budapest,70,Hungaroring,sunny  sunny clear sky 27°c,47.5789,19.2486,Max Verstappen,F
2017,2017-07-30,Budapest,70,Hungaroring,sunny  sunny clear sky 27°c,47.5789,19.2486,Jolyon Palmer,F
2017,2017-07-30,Budapest,70,Hungaroring,sunny  sunny clear sky 27°c,47.5789,19.2486,Stoffel Vandoorne,F
2017,2017-07-30,Budapest,70,Hungaroring,sunny  sunny clear sky 27°c,47.5789,19.2486,Esteban Ocon,F
2017,2017-07-30,Budapest,70,Hungaroring,sunny  sunny clear sky 27°c,47.5789,19.2486,Lance Stroll,F
2017,2017-07-30,Budapest,70,Hungaroring,sunny  sunny clear sky 27°c,47.5789,19.2486,Pascal Wehrlein,F
2017,2017-07-30,Budapest,70,Hungaroring,sunny  sunny clear sky 27°c,47.5789,19.2486,Paul di Resta,DNF
2017,2017-08-27,Spa,71,Circuit de Spa-Francorchamps,partially cloudy  and dry  23°c dry sunny,50.4372,5.97139,Lewis Hamilton,F
2017,2017-08-27,Spa,71,Circuit de Spa-Francorchamps,partially cloudy  and dry  23°c dry sunny,50.4372,5.97139,Daniel Ricciardo,F
2017,2017-08-27,Spa,71,Circuit de Spa-Francorchamps,partially cloudy  and dry  23°c dry sunny,50.4372,5.97139,Kevin Magnussen,F
2017,2017-08-27,Spa,71,Circuit de Spa-Francorchamps,partially cloudy  and dry  23°c dry sunny,50.4372,5.97139,Fernando Alonso,DNF
2017,2017-08-27,Spa,71,Circuit de Spa-Francorchamps,partially cloudy  and dry  23°c dry sunny,50.4372,5.97139,Nico Hulkenberg,F
2017,2017-08-27,Spa,71,Circuit de Spa-Francorchamps,partially cloudy  and dry  23°c dry sunny,50.4372,5.97139,Daniil Kvyat,F
2017,2017-08-27,Spa,71,Circuit de Spa-Francorchamps,partially cloudy  and dry  23°c dry sunny,50.4372,5.97139,Felipe Massa,F
2017,2017-08-27,Spa,71,Circuit de Spa-Francorchamps,partially cloudy  and dry  23°c dry sunny,50.4372,5.97139,Kimi Raikkonen,F
2017,2017-08-27,Spa,71,Circuit de Spa-Francorchamps,partially cloudy  and dry  23°c dry sunny,50.4372,5.97139,Sebastian Vettel,F
2017,2017-08-27,Spa,71,Circuit de Spa-Francorchamps,partially cloudy  and dry  23°c dry sunny,50.4372,5.97139,Valtteri Bottas,F
2017,2017-08-27,Spa,71,Circuit de Spa-Francorchamps,partially cloudy  and dry  23°c dry sunny,50.4372,5.97139,Sergio Perez,DNF
2017,2017-08-27,Spa,71,Circuit de Spa-Francorchamps,partially cloudy  and dry  23°c dry sunny,50.4372,5.97139,Marcus Ericsson,F
2017,2017-08-27,Spa,71,Circuit de Spa-Francorchamps,partially cloudy  and dry  23°c dry sunny,50.4372,5.97139,Romain Grosjean,F
2017,2017-08-27,Spa,71,Circuit de Spa-Francorchamps,partially cloudy  and dry  23°c dry sunny,50.4372,5.97139,Carlos Sainz Jnr,F
2017,2017-08-27,Spa,71,Circuit de Spa-Francorchamps,partially cloudy  and dry  23°c dry sunny,50.4372,5.97139,Max Verstappen,DNF
2017,2017-08-27,Spa,71,Circuit de Spa-Francorchamps,partially cloudy  and dry  23°c dry sunny,50.4372,5.97139,Jolyon Palmer,F
2017,2017-08-27,Spa,71,Circuit de Spa-Francorchamps,partially cloudy  and dry  23°c dry sunny,50.4372,5.97139,Stoffel Vandoorne,F
2017,2017-08-27,Spa,71,Circuit de Spa-Francorchamps,partially cloudy  and dry  23°c dry sunny,50.4372,5.97139,Esteban Ocon,F
2017,2017-08-27,Spa,71,Circuit de Spa-Francorchamps,partially cloudy  and dry  23°c dry sunny,50.4372,5.97139,Lance Stroll,F
2017,2017-08-27,Spa,71,Circuit de Spa-Francorchamps,partially cloudy  and dry  23°c dry sunny,50.4372,5.97139,Pascal Wehrlein,DNF
2017,2017-09-03,Monza,72,Autodromo Nazionale di Monza,sunny  25°c dry sunny,45.6156,9.28111,Lewis Hamilton,F
2017,2017-09-03,Monza,72,Autodromo Nazionale di Monza,sunny  25°c dry sunny,45.6156,9.28111,Daniel Ricciardo,F
2017,2017-09-03,Monza,72,Autodromo Nazionale di Monza,sunny  25°c dry sunny,45.6156,9.28111,Kevin Magnussen,F
2017,2017-09-03,Monza,72,Autodromo Nazionale di Monza,sunny  25°c dry sunny,45.6156,9.28111,Fernando Alonso,DNF
2017,2017-09-03,Monza,72,Autodromo Nazionale di Monza,sunny  25°c dry sunny,45.6156,9.28111,Nico Hulkenberg,F
2017,2017-09-03,Monza,72,Autodromo Nazionale di Monza,sunny  25°c dry sunny,45.6156,9.28111,Daniil Kvyat,F
2017,2017-09-03,Monza,72,Autodromo Nazionale di Monza,sunny  25°c dry sunny,45.6156,9.28111,Felipe Massa,F
2017,2017-09-03,Monza,72,Autodromo Nazionale di Monza,sunny  25°c dry sunny,45.6156,9.28111,Kimi Raikkonen,F
2017,2017-09-03,Monza,72,Autodromo Nazionale di Monza,sunny  25°c dry sunny,45.6156,9.28111,Sebastian Vettel,F
2017,2017-09-03,Monza,72,Autodromo Nazionale di Monza,sunny  25°c dry sunny,45.6156,9.28111,Valtteri Bottas,F
2017,2017-09-03,Monza,72,Autodromo Nazionale di Monza,sunny  25°c dry sunny,45.6156,9.28111,Sergio Perez,F
2017,2017-09-03,Monza,72,Autodromo Nazionale di Monza,sunny  25°c dry sunny,45.6156,9.28111,Marcus Ericsson,DNF
2017,2017-09-03,Monza,72,Autodromo Nazionale di Monza,sunny  25°c dry sunny,45.6156,9.28111,Romain Grosjean,F
2017,2017-09-03,Monza,72,Autodromo Nazionale di Monza,sunny  25°c dry sunny,45.6156,9.28111,Carlos Sainz Jnr,F
2017,2017-09-03,Monza,72,Autodromo Nazionale di Monza,sunny  25°c dry sunny,45.6156,9.28111,Max Verstappen,F
2017,2017-09-03,Monza,72,Autodromo Nazionale di Monza,sunny  25°c dry sunny,45.6156,9.28111,Jolyon Palmer,DNF
2017,2017-09-03,Monza,72,Autodromo Nazionale di Monza,sunny  25°c dry sunny,45.6156,9.28111,Stoffel Vandoorne,DNF
2017,2017-09-03,Monza,72,Autodromo Nazionale di Monza,sunny  25°c dry sunny,45.6156,9.28111,Esteban Ocon,F
2017,2017-09-03,Monza,72,Autodromo Nazionale di Monza,sunny  25°c dry sunny,45.6156,9.28111,Lance Stroll,F
2017,2017-09-03,Monza,72,Autodromo Nazionale di Monza,sunny  25°c dry sunny,45.6156,9.28111,Pascal Wehrlein,F
2017,2017-10-08,Suzuka,75,Suzuka Circuit,sunny  26°c dry  sunny,34.8431,136.541,Lewis Hamilton,F
2017,2017-10-08,Suzuka,75,Suzuka Circuit,sunny  26°c dry  sunny,34.8431,136.541,Daniel Ricciardo,F
2017,2017-10-08,Suzuka,75,Suzuka Circuit,sunny  26°c dry  sunny,34.8431,136.541,Kevin Magnussen,F
2017,2017-10-08,Suzuka,75,Suzuka Circuit,sunny  26°c dry  sunny,34.8431,136.541,Fernando Alonso,F
2017,2017-10-08,Suzuka,75,Suzuka Circuit,sunny  26°c dry  sunny,34.8431,136.541,Nico Hulkenberg,DNF
2017,2017-10-08,Suzuka,75,Suzuka Circuit,sunny  26°c dry  sunny,34.8431,136.541,Felipe Massa,F
2017,2017-10-08,Suzuka,75,Suzuka Circuit,sunny  26°c dry  sunny,34.8431,136.541,Kimi Raikkonen,F
2017,2017-10-08,Suzuka,75,Suzuka Circuit,sunny  26°c dry  sunny,34.8431,136.541,Sebastian Vettel,DNF
2017,2017-10-08,Suzuka,75,Suzuka Circuit,sunny  26°c dry  sunny,34.8431,136.541,Valtteri Bottas,F
2017,2017-10-08,Suzuka,75,Suzuka Circuit,sunny  26°c dry  sunny,34.8431,136.541,Sergio Perez,F
2017,2017-10-08,Suzuka,75,Suzuka Circuit,sunny  26°c dry  sunny,34.8431,136.541,Marcus Ericsson,DNF
2017,2017-10-08,Suzuka,75,Suzuka Circuit,sunny  26°c dry  sunny,34.8431,136.541,Romain Grosjean,F
2017,2017-10-08,Suzuka,75,Suzuka Circuit,sunny  26°c dry  sunny,34.8431,136.541,Carlos Sainz Jnr,DNF
2017,2017-10-08,Suzuka,75,Suzuka Circuit,sunny  26°c dry  sunny,34.8431,136.541,Max Verstappen,F
2017,2017-10-08,Suzuka,75,Suzuka Circuit,sunny  26°c dry  sunny,34.8431,136.541,Jolyon Palmer,F
2017,2017-10-08,Suzuka,75,Suzuka Circuit,sunny  26°c dry  sunny,34.8431,136.541,Stoffel Vandoorne,F
2017,2017-10-08,Suzuka,75,Suzuka Circuit,sunny  26°c dry  sunny,34.8431,136.541,Esteban Ocon,F
2017,2017-10-08,Suzuka,75,Suzuka Circuit,sunny  26°c dry  sunny,34.8431,136.541,Lance Stroll,DNF
2017,2017-10-08,Suzuka,75,Suzuka Circuit,sunny  26°c dry  sunny,34.8431,136.541,Pascal Wehrlein,F
2017,2017-10-08,Suzuka,75,Suzuka Circuit,sunny  26°c dry  sunny,34.8431,136.541,Pierre Gasly,F
2017,2017-10-22,Austin,76,Circuit of the Americas,sunny  with temperatures reaching up to 82.9°f  (28.3°c)  wind speeds approaching speeds of 13.8 miles per hour  (22.2km/h) 25°c dry  clear sky,30.1328,-97.6411,Lewis Hamilton,F
2017,2017-10-22,Austin,76,Circuit of the Americas,sunny  with temperatures reaching up to 82.9°f  (28.3°c)  wind speeds approaching speeds of 13.8 miles per hour  (22.2km/h) 25°c dry  clear sky,30.1328,-97.6411,Daniel Ricciardo,DNF
2017,2017-10-22,Austin,76,Circuit of the Americas,sunny  with temperatures reaching up to 82.9°f  (28.3°c)  wind speeds approaching speeds of 13.8 miles per hour  (22.2km/h) 25°c dry  clear sky,30.1328,-97.6411,Kevin Magnussen,F
2017,2017-10-22,Austin,76,Circuit of the Americas,sunny  with temperatures reaching up to 82.9°f  (28.3°c)  wind speeds approaching speeds of 13.8 miles per hour  (22.2km/h) 25°c dry  clear sky,30.1328,-97.6411,Fernando Alonso,DNF
2017,2017-10-22,Austin,76,Circuit of the Americas,sunny  with temperatures reaching up to 82.9°f  (28.3°c)  wind speeds approaching speeds of 13.8 miles per hour  (22.2km/h) 25°c dry  clear sky,30.1328,-97.6411,Nico Hulkenberg,DNF
2017,2017-10-22,Austin,76,Circuit of the Americas,sunny  with temperatures reaching up to 82.9°f  (28.3°c)  wind speeds approaching speeds of 13.8 miles per hour  (22.2km/h) 25°c dry  clear sky,30.1328,-97.6411,Daniil Kvyat,F
2017,2017-10-22,Austin,76,Circuit of the Americas,sunny  with temperatures reaching up to 82.9°f  (28.3°c)  wind speeds approaching speeds of 13.8 miles per hour  (22.2km/h) 25°c dry  clear sky,30.1328,-97.6411,Felipe Massa,F
2017,2017-10-22,Austin,76,Circuit of the Americas,sunny  with temperatures reaching up to 82.9°f  (28.3°c)  wind speeds approaching speeds of 13.8 miles per hour  (22.2km/h) 25°c dry  clear sky,30.1328,-97.6411,Kimi Raikkonen,F
2017,2017-10-22,Austin,76,Circuit of the Americas,sunny  with temperatures reaching up to 82.9°f  (28.3°c)  wind speeds approaching speeds of 13.8 miles per hour  (22.2km/h) 25°c dry  clear sky,30.1328,-97.6411,Sebastian Vettel,F
2017,2017-10-22,Austin,76,Circuit of the Americas,sunny  with temperatures reaching up to 82.9°f  (28.3°c)  wind speeds approaching speeds of 13.8 miles per hour  (22.2km/h) 25°c dry  clear sky,30.1328,-97.6411,Valtteri Bottas,F
2017,2017-10-22,Austin,76,Circuit of the Americas,sunny  with temperatures reaching up to 82.9°f  (28.3°c)  wind speeds approaching speeds of 13.8 miles per hour  (22.2km/h) 25°c dry  clear sky,30.1328,-97.6411,Sergio Perez,F
2017,2017-10-22,Austin,76,Circuit of the Americas,sunny  with temperatures reaching up to 82.9°f  (28.3°c)  wind speeds approaching speeds of 13.8 miles per hour  (22.2km/h) 25°c dry  clear sky,30.1328,-97.6411,Marcus Ericsson,F
2017,2017-10-22,Austin,76,Circuit of the Americas,sunny  with temperatures reaching up to 82.9°f  (28.3°c)  wind speeds approaching speeds of 13.8 miles per hour  (22.2km/h) 25°c dry  clear sky,30.1328,-97.6411,Romain Grosjean,F
2017,2017-10-22,Austin,76,Circuit of the Americas,sunny  with temperatures reaching up to 82.9°f  (28.3°c)  wind speeds approaching speeds of 13.8 miles per hour  (22.2km/h) 25°c dry  clear sky,30.1328,-97.6411,Carlos Sainz Jnr,F
2017,2017-10-22,Austin,76,Circuit of the Americas,sunny  with temperatures reaching up to 82.9°f  (28.3°c)  wind speeds approaching speeds of 13.8 miles per hour  (22.2km/h) 25°c dry  clear sky,30.1328,-97.6411,Max Verstappen,F
2017,2017-10-22,Austin,76,Circuit of the Americas,sunny  with temperatures reaching up to 82.9°f  (28.3°c)  wind speeds approaching speeds of 13.8 miles per hour  (22.2km/h) 25°c dry  clear sky,30.1328,-97.6411,Stoffel Vandoorne,F
2017,2017-10-22,Austin,76,Circuit of the Americas,sunny  with temperatures reaching up to 82.9°f  (28.3°c)  wind speeds approaching speeds of 13.8 miles per hour  (22.2km/h) 25°c dry  clear sky,30.1328,-97.6411,Esteban Ocon,F
2017,2017-10-22,Austin,76,Circuit of the Americas,sunny  with temperatures reaching up to 82.9°f  (28.3°c)  wind speeds approaching speeds of 13.8 miles per hour  (22.2km/h) 25°c dry  clear sky,30.1328,-97.6411,Lance Stroll,F
2017,2017-10-22,Austin,76,Circuit of the Americas,sunny  with temperatures reaching up to 82.9°f  (28.3°c)  wind speeds approaching speeds of 13.8 miles per hour  (22.2km/h) 25°c dry  clear sky,30.1328,-97.6411,Pascal Wehrlein,DNF
2017,2017-10-22,Austin,76,Circuit of the Americas,sunny  with temperatures reaching up to 82.9°f  (28.3°c)  wind speeds approaching speeds of 13.8 miles per hour  (22.2km/h) 25°c dry  clear sky,30.1328,-97.6411,Brendon Hartley,F
