season,date,Unnamed: 0,round,race_name,circuitId,distance,weather,driver_name,finish_position,team,grid,time,status,points,qual_position,q_best,q_worst,q_mean,name,nationality,initials,dateOfBirth,circuitName,lat,long,location,country,type,direction,tracklength
2014,2014-03-16,0,1,australian,albert_park,302.271,"overcast, 19°c (66°f) dry",rosberg,1.0,mercedes,3.0,5578.71,Finished,25.0,3.0,92.564,104.595,99.80766666666666,Nico Rosberg,German,ROS,6/27/1985,Albert Park Grand Prix Circuit,-37.8497,144.968,Melbourne,Australia,Street circuit,Clockwise,5.303
2015,2015-03-15,1,1,australian,albert_park,307.574 ,partly cloudy 17.5°c  (63.5°f) air temperature 34.5°c  (94.5°f) track temperature 6m/s  (20ft/s) wind from the south ,rosberg,2.0,mercedes,2.0,5515.427,Finished,18.0,2.0,86.921,88.906,87.64133333333332,Nico Rosberg,German,ROS,6/27/1985,Albert Park Grand Prix Circuit,-37.8497,144.968,Melbourne,Australia,Street circuit,Clockwise,5.303
2016,2016-03-20,2,1,australian,albert_park,302.271,partly cloudy 22.5°c  (72.5°f) air temperature 31.0°c  (88.0°f) track temperature 4m/s  (8.9mph  14km/h) wind from the south dry light clouds,rosberg,1.0,mercedes,2.0,6495.565,Finished,25.0,2.0,84.197,86.934,85.30900000000001,Nico Rosberg,German,ROS,6/27/1985,Albert Park Grand Prix Circuit,-37.8497,144.968,Melbourne,Australia,Street circuit,Clockwise,5.303
2017,2017-03-26,6,1,australian,albert_park,302.271,partly cloudy 24°c  (75°f) air temperature 33.5°c  (92.5°f) track temperature 2m/s  (4.5mph  7.2km/h) wind from the northwest sunny dry 23°c,kevin_magnussen,15.0,haas,17.0,,Suspension,0.0,17.0,86.847,86.847,86.847,Kevin Magnussen,Danish,MAG,10/5/1992,Albert Park Grand Prix Circuit,-37.8497,144.968,Melbourne,Australia,Street circuit,Clockwise,5.303
2018,2018-03-25,7,1,australian,albert_park,307.574,sunny  23.9°c dry  sunny,kevin_magnussen,17.0,haas,5.0,,Wheel,0.0,6.0,83.187,83.909,83.46533333333333,Kevin Magnussen,Danish,MAG,10/5/1992,Albert Park Grand Prix Circuit,-37.8497,144.968,Melbourne,Australia,Street circuit,Clockwise,5.303
2019,2019-03-17,8,1,australian,albert_park,307.574,None dry   23.6°c,kevin_magnussen,6.0,haas,7.0,5214.481,Finished,8.0,7.0,82.099,82.519,82.27966666666667,Kevin Magnussen,Danish,MAG,10/5/1992,Albert Park Grand Prix Circuit,-37.8497,144.968,Melbourne,Australia,Street circuit,Clockwise,5.303
2021,2021-11-21,122,21,australian,albert_park,, ,,,,,,,,,,,,,,,,Albert Park Grand Prix Circuit,-37.8497,144.968,Melbourne,Australia,Street circuit,Clockwise,5.303
2014,2014-03-30,123,2,malaysian,sepang,310.408,"dry , 32°c dry",rosberg,2.0,mercedes,3.0,6043.287,Finished,18.0,3.0,117.183,120.05,118.89266666666668,Nico Rosberg,German,ROS,6/27/1985,Sepang International Circuit,2.76083,101.738,Kuala Lumpur,Malaysia,Race circuit,Clockwise,5.543
2015,2015-03-29,124,2,malaysian,sepang,310.408 ,sunny 32.5°c  (90.5°f) air temperature 55.5°c  (131.5°f) track temperature 2m/s  (6.6ft/s) wind from the south 33°c dry,rosberg,3.0,mercedes,3.0,6078.103,Finished,15.0,3.0,99.374,110.299,103.01666666666664,Nico Rosberg,German,ROS,6/27/1985,Sepang International Circuit,2.76083,101.738,Kuala Lumpur,Malaysia,Race circuit,Clockwise,5.543
2016,2016-10-02,125,16,malaysian,sepang,310.408,sunny 33°c  (91°f) air temperature 49°c  (120°f) track temperature 2.8m/s  (9.2ft/s) wind from the west 32°c dry sunny,rosberg,3.0,mercedes,2.0,5858.292,Finished,15.0,2.0,93.264,94.46,93.77766666666666,Nico Rosberg,German,ROS,6/27/1985,Sepang International Circuit,2.76083,101.738,Kuala Lumpur,Malaysia,Race circuit,Clockwise,5.543
2017,2017-10-01,128,15,malaysian,sepang,310.408,cloudy  31°c dry  cloudy,kevin_magnussen,12.0,haas,17.0,,+1 Lap,0.0,17.0,93.434,93.434,93.434,Kevin Magnussen,Danish,MAG,10/5/1992,Sepang International Circuit,2.76083,101.738,Kuala Lumpur,Malaysia,Race circuit,Clockwise,5.543
2014,2014-04-06,207,3,bahrain,bahrain,308.238,dry  ,rosberg,2.0,mercedes,1.0,5983.828,Finished,18.0,1.0,93.185,95.439,94.11066666666666,Nico Rosberg,German,ROS,6/27/1985,Bahrain International Circuit,26.0325,50.5106,Sakhir,Bahrain,Race circuit,Clockwise,5.412
2015,2015-04-19,208,4,bahrain,bahrain,308.238,"sunny , clear 25.0°c  (77.0°f) air temperature 29.5°c  (85.0°f) track temperature 1.5m/s  (4.9ft/s) wind from the north dry 25°c",rosberg,3.0,mercedes,3.0,5711.842,Finished,15.0,3.0,93.129,94.398,93.80166666666668,Nico Rosberg,German,ROS,6/27/1985,Bahrain International Circuit,26.0325,50.5106,Sakhir,Bahrain,Race circuit,Clockwise,5.412
2016,2016-04-03,209,2,bahrain,bahrain,308.238,dry 21.5°c  (71.0°f) air temperature 27.5°c  (81.5°f) track temperature 2m/s  (6.6ft/s) wind from the southwest dry clear sky,rosberg,1.0,mercedes,2.0,5614.696,Finished,25.0,2.0,89.57,91.325,90.47666666666667,Nico Rosberg,German,ROS,6/27/1985,Bahrain International Circuit,26.0325,50.5106,Sakhir,Bahrain,Race circuit,Clockwise,5.412
2017,2017-04-16,212,3,bahrain,bahrain,308.238,None 31°c dry,kevin_magnussen,19.0,haas,20.0,,Electrical,0.0,20.0,92.9,92.9,92.9,Kevin Magnussen,Danish,MAG,10/5/1992,Bahrain International Circuit,26.0325,50.5106,Sakhir,Bahrain,Race circuit,Clockwise,5.412
2018,2018-04-08,213,2,bahrain,bahrain,308.238,None dry   29.6°c,kevin_magnussen,5.0,haas,6.0,5596.986,Finished,10.0,7.0,89.358,89.623,89.52499999999999,Kevin Magnussen,Danish,MAG,10/5/1992,Bahrain International Circuit,26.0325,50.5106,Sakhir,Bahrain,Race circuit,Clockwise,5.412
2019,2019-03-31,214,2,bahrain,bahrain,308.238,clear  dry   26°c,kevin_magnussen,13.0,haas,6.0,,+1 Lap,0.0,6.0,88.757,89.532,89.10199999999999,Kevin Magnussen,Danish,MAG,10/5/1992,Bahrain International Circuit,26.0325,50.5106,Sakhir,Bahrain,Race circuit,Clockwise,5.412
2020,2020-11-29,215,15,bahrain,bahrain,308.238,clear  dry  25.5°c,kevin_magnussen,17.0,haas,18.0,,+1 Lap,0.0,18.0,90.111,90.111,90.111,Kevin Magnussen,Danish,MAG,10/5/1992,Bahrain International Circuit,26.0325,50.5106,Sakhir,Bahrain,Race circuit,Clockwise,5.412
2020,2020-12-06,216,16,sakhir,bahrain,307.995,clear  dry  21.3°c,kevin_magnussen,15.0,haas,15.0,5507.484,Finished,0.0,16.0,54.705,54.705,54.705,Kevin Magnussen,Danish,MAG,10/5/1992,Bahrain International Circuit,26.0325,50.5106,Sakhir,Bahrain,Race circuit,Clockwise,5.412
2021,2021-03-28,224,1,bahrain,bahrain,302.826,"clear , 21°c  (70°f) dry  20.5°c",alonso,19.0,alpine,9.0,,Brakes,0.0,9.0,90.249,90.863,90.569,Fernando Alonso,Spanish,ALO,7/29/1981,Bahrain International Circuit,26.0325,50.5106,Sakhir,Bahrain,Race circuit,Clockwise,5.412
2014,2014-04-20,391,4,chinese,shanghai,294.164,"mostly cloudy , dry  ",rosberg,2.0,mercedes,4.0,5626.4,Finished,18.0,4.0,115.143,116.058,115.49833333333332,Nico Rosberg,German,ROS,6/27/1985,Shanghai International Circuit,31.3389,121.22,Shanghai,China,Race circuit,Clockwise,5.451
2015,2015-04-12,392,3,chinese,shanghai,305.066,sunny 21°c  (70°f) air temperature 46°c  (115°f) track temperature 1.4m/s  (4.6ft/s) wind from the northwest dry 21°c,rosberg,2.0,mercedes,2.0,5982.722,Finished,18.0,2.0,95.828,98.496,97.02366666666668,Nico Rosberg,German,ROS,6/27/1985,Shanghai International Circuit,31.3389,121.22,Shanghai,China,Race circuit,Clockwise,5.451
2016,2016-04-17,393,3,chinese,shanghai,305.066,sunny 21°c  (70°f) air temperature 37°c  (99°f) track temperature 4.8m/s  (16ft/s) wind from the northeast dry sunny,rosberg,1.0,mercedes,1.0,5933.891,Finished,25.0,1.0,95.402,97.669,96.437,Nico Rosberg,German,ROS,6/27/1985,Shanghai International Circuit,31.3389,121.22,Shanghai,China,Race circuit,Clockwise,5.451
2017,2017-04-09,396,2,chinese,shanghai,305.066,"light rain at start, drying later . 12°c",kevin_magnussen,8.0,haas,12.0,,+1 Lap,4.0,12.0,94.164,94.942,94.553,Kevin Magnussen,Danish,MAG,10/5/1992,Shanghai International Circuit,31.3389,121.22,Shanghai,China,Race circuit,Clockwise,5.451
2018,2018-04-15,397,3,chinese,shanghai,305.066,None dry   18.9°c,kevin_magnussen,10.0,haas,11.0,5775.974,Finished,1.0,11.0,92.986,93.359,93.1725,Kevin Magnussen,Danish,MAG,10/5/1992,Shanghai International Circuit,31.3389,121.22,Shanghai,China,Race circuit,Clockwise,5.451
2019,2019-04-14,398,3,chinese,shanghai,305.066,None dry   19.3°c,kevin_magnussen,13.0,haas,9.0,,+1 Lap,0.0,9.0,93.15,94.036,93.593,Kevin Magnussen,Danish,MAG,10/5/1992,Shanghai International Circuit,31.3389,121.22,Shanghai,China,Race circuit,Clockwise,5.451
2014,2014-05-11,515,5,spanish,catalunya,307.104,sunny  ,rosberg,2.0,mercedes,2.0,6065.791,Finished,18.0,2.0,85.4,86.764,86.08399999999999,Nico Rosberg,German,ROS,6/27/1985,Circuit de Barcelona-Catalunya,41.57,2.26111,Montmeló,Spain,Race circuit,Clockwise,4.675
2015,2015-05-10,516,5,spanish,catalunya,307.104 ,sunny 25°c  (77°f) air temperature 44°c  (111°f) track temperature 1.8m/s  (5.9ft/s) wind from the northeast dry clear sky 30°c,rosberg,1.0,mercedes,1.0,6072.555,Finished,25.0,1.0,84.681,86.49,85.44566666666667,Nico Rosberg,German,ROS,6/27/1985,Circuit de Barcelona-Catalunya,41.57,2.26111,Montmeló,Spain,Race circuit,Clockwise,4.675
2016,2016-05-15,517,5,spanish,catalunya,307.104,partly cloudy 21.0°c  (70.0°f) air temperature 40.0°c  (104.0°f) track temperature 2m/s  (6.6ft/s) wind from the north dry sunny,rosberg,22.0,mercedes,2.0,,Collision,0.0,2.0,82.28,83.002,82.68033333333334,Nico Rosberg,German,ROS,6/27/1985,Circuit de Barcelona-Catalunya,41.57,2.26111,Montmeló,Spain,Race circuit,Clockwise,4.675
2017,2017-05-14,520,5,spanish,catalunya,307.104,None sunny clear sky 24°c,kevin_magnussen,14.0,haas,11.0,,+2 Laps,0.0,11.0,81.329,81.945,81.637,Kevin Magnussen,Danish,MAG,10/5/1992,Circuit de Barcelona-Catalunya,41.57,2.26111,Montmeló,Spain,Race circuit,Clockwise,4.675
2018,2018-05-13,521,5,spanish,catalunya,307.104,"partially cloudy  and dry , 16°c and cold. dry 15.4°c",kevin_magnussen,6.0,haas,7.0,,+1 Lap,8.0,7.0,77.618,78.169,77.82099999999998,Kevin Magnussen,Danish,MAG,10/5/1992,Circuit de Barcelona-Catalunya,41.57,2.26111,Montmeló,Spain,Race circuit,Clockwise,4.675
2019,2019-05-12,522,5,spanish,catalunya,307.104,None dry   19.75°c,kevin_magnussen,7.0,haas,8.0,5778.602,Finished,6.0,8.0,76.922,77.669,77.28766666666667,Kevin Magnussen,Danish,MAG,10/5/1992,Circuit de Barcelona-Catalunya,41.57,2.26111,Montmeló,Spain,Race circuit,Clockwise,4.675
2020,2020-08-16,523,6,spanish,catalunya,307.104,partly cloudy  dry  29.9°c,kevin_magnussen,15.0,haas,16.0,,+1 Lap,0.0,16.0,77.908,77.908,77.908,Kevin Magnussen,Danish,MAG,10/5/1992,Circuit de Barcelona-Catalunya,41.57,2.26111,Montmeló,Spain,Race circuit,Clockwise,4.675
2021,2021-05-09,532,4,spanish,catalunya,308.424,cloudy  dry  21.4°c,alonso,17.0,alpine,10.0,,+1 Lap,0.0,10.0,77.966,78.281,78.13133333333333,Fernando Alonso,Spanish,ALO,7/29/1981,Circuit de Barcelona-Catalunya,41.57,2.26111,Montmeló,Spain,Race circuit,Clockwise,4.675
2014,2014-05-25,679,6,monaco,monaco,260.52,"overcast, air  20.5°c  (69.0°f), track  29.0°c  (84.0°f). ",rosberg,1.0,mercedes,1.0,6567.661,Finished,25.0,1.0,75.989,77.678,76.71066666666667,Nico Rosberg,German,ROS,6/27/1985,Circuit de Monaco,43.7347,7.42056,Monte-Carlo,Monaco,Street circuit,Clockwise,3.337
2015,2015-05-24,680,6,monaco,monaco,260.286,partly cloudy 18.5°c  (65.0°f) air temperature 34.0°c  (93.5°f) track temperature 1.5m/s  (4.9ft/s) wind from the west dry clear sky 17°c,rosberg,1.0,mercedes,2.0,6558.42,Finished,25.0,2.0,75.44,76.528,75.813,Nico Rosberg,German,ROS,6/27/1985,Circuit de Monaco,43.7347,7.42056,Monte-Carlo,Monaco,Street circuit,Clockwise,3.337
2016,2016-05-29,681,6,monaco,monaco,260.286,"rainy at start, dry  later 17.5°c  (63.5°f) air temperature 21.0°c  (70.0°f) track temperature 2m/s  (6.6ft/s) wind from the north wet  overcast",rosberg,7.0,mercedes,2.0,7262.423,Finished,6.0,2.0,73.791,74.873,74.23566666666666,Nico Rosberg,German,ROS,6/27/1985,Circuit de Monaco,43.7347,7.42056,Monte-Carlo,Monaco,Street circuit,Clockwise,3.337
2017,2017-05-28,684,6,monaco,monaco,260.286,None sunny clear sky 26°c,kevin_magnussen,10.0,haas,11.0,6305.783,Finished,1.0,13.0,73.531,73.959,73.745,Kevin Magnussen,Danish,MAG,10/5/1992,Circuit de Monaco,43.7347,7.42056,Monte-Carlo,Monaco,Street circuit,Clockwise,3.337
2018,2018-05-27,685,6,monaco,monaco,260.286,None dry 25.9°c,kevin_magnussen,13.0,haas,19.0,6249.63,Finished,0.0,19.0,73.393,73.393,73.393,Kevin Magnussen,Danish,MAG,10/5/1992,Circuit de Monaco,43.7347,7.42056,Monte-Carlo,Monaco,Street circuit,Clockwise,3.337
2019,2019-05-26,686,6,monaco,monaco,260.286,overcast dry   23.15°c,kevin_magnussen,14.0,haas,5.0,,+1 Lap,0.0,6.0,71.109,71.865,71.44566666666667,Kevin Magnussen,Danish,MAG,10/5/1992,Circuit de Monaco,43.7347,7.42056,Monte-Carlo,Monaco,Street circuit,Clockwise,3.337
2021,2021-05-23,695,5,monaco,monaco,260.286,sunny  dry  21°c,alonso,13.0,alpine,17.0,,+1 Lap,0.0,17.0,72.205,72.205,72.205,Fernando Alonso,Spanish,ALO,7/29/1981,Circuit de Monaco,43.7347,7.42056,Monte-Carlo,Monaco,Street circuit,Clockwise,3.337
2014,2014-06-08,823,7,canadian,villeneuve,305.27,temperatures up to 27.6°c  (81.7°f)  wind speeds up to 16.4 kilometres per hour  (10.2mph) ,rosberg,2.0,mercedes,1.0,5957.066,Finished,18.0,1.0,74.874,76.471,75.54466666666666,Nico Rosberg,German,ROS,6/27/1985,Circuit Gilles Villeneuve,45.5,-73.5228,Montreal,Canada,Street circuit,Clockwise,4.361
2015,2015-06-07,824,7,canadian,villeneuve,305.27,sunny 20.5°c  (69.0°f) air temperature 39°c  (102°f) track temperature 4m/s  (13ft/s) wind from the north dry clouded 20°c,rosberg,2.0,mercedes,2.0,5515.43,Finished,18.0,2.0,74.673,75.893,75.08933333333333,Nico Rosberg,German,ROS,6/27/1985,Circuit Gilles Villeneuve,45.5,-73.5228,Montreal,Canada,Street circuit,Clockwise,4.361
2016,2016-06-12,825,7,canadian,villeneuve,305.27,cloudy 12°c  (54°f) air temperature 22.0°c  (71.5°f) track temperature 2.5m/s  (8.2ft/s) wind from the southeast 13°c dry clouded,rosberg,5.0,mercedes,2.0,5527.389,Finished,10.0,2.0,72.874,73.714,73.22733333333333,Nico Rosberg,German,ROS,6/27/1985,Circuit Gilles Villeneuve,45.5,-73.5228,Montreal,Canada,Street circuit,Clockwise,4.361
2017,2017-06-11,828,7,canadian,villeneuve,305.27,sunny  and hot with temperatures reaching up to 29°c  (84°f)  wind speeds reaching 12.9 kilometres per hour  (8.0mph) sunny clear sky 29°c,kevin_magnussen,12.0,haas,18.0,,+1 Lap,0.0,18.0,74.318,74.318,74.318,Kevin Magnussen,Danish,MAG,10/5/1992,Circuit Gilles Villeneuve,45.5,-73.5228,Montreal,Canada,Street circuit,Clockwise,4.361
2018,2018-06-10,829,7,canadian,villeneuve,296.548,temperatures reaching up to 22.7°c  (72.9°f)  with wind speeds reaching 11.1 kilometres per hour  (6.9mph) dry 20°c,kevin_magnussen,13.0,haas,11.0,,+1 Lap,0.0,11.0,72.606,72.68,72.643,Kevin Magnussen,Danish,MAG,10/5/1992,Circuit Gilles Villeneuve,45.5,-73.5228,Montreal,Canada,Street circuit,Clockwise,4.361
2019,2019-06-09,830,7,canadian,villeneuve,305.27,temperatures reaching up to 29.6°c  (85.3°f)  wind speeds negligible dry   29.7°c,kevin_magnussen,17.0,haas,0.0,,+2 Laps,0.0,10.0,71.786,72.107,71.9465,Kevin Magnussen,Danish,MAG,10/5/1992,Circuit Gilles Villeneuve,45.5,-73.5228,Montreal,Canada,Street circuit,Clockwise,4.361
2014,2014-06-22,947,8,austrian,red_bull_ring,307.146,"partially cloudy , hot and dry  ",rosberg,1.0,mercedes,3.0,5274.976,Finished,25.0,3.0,68.944,69.695,69.20433333333334,Nico Rosberg,German,ROS,6/27/1985,Red Bull Ring,47.2197,14.7647,Spielburg,Austria,Race circuit,Clockwise,4.318
2015,2015-06-21,948,8,austrian,red_bull_ring,307.146,cloudy 14.5°c  (58.0°f) air temperature 29.5°c  (85.5°f) track temperature 2m/s  (6.6ft/s) wind from the west dry clouded 16°c,rosberg,1.0,mercedes,2.0,5416.93,Finished,25.0,2.0,68.634,70.976,69.42166666666667,Nico Rosberg,German,ROS,6/27/1985,Red Bull Ring,47.2197,14.7647,Spielburg,Austria,Race circuit,Clockwise,4.318
2016,2016-07-03,949,9,austrian,red_bull_ring,307.146,cloudy  18°c dry sunny,rosberg,4.0,mercedes,6.0,5274.817,Finished,12.0,2.0,66.403,68.465,67.128,Nico Rosberg,German,ROS,6/27/1985,Red Bull Ring,47.2197,14.7647,Spielburg,Austria,Race circuit,Clockwise,4.318
2017,2017-07-09,952,9,austrian,red_bull_ring,306.452,partly cloudy  sunny clear sky 22°c,kevin_magnussen,18.0,haas,15.0,,Hydraulics,0.0,15.0,66.143,66.143,66.143,Kevin Magnussen,Danish,MAG,10/5/1992,Red Bull Ring,47.2197,14.7647,Spielburg,Austria,Race circuit,Clockwise,4.318
2018,2018-07-01,953,9,austrian,red_bull_ring,306.452,sunny  dry   22.9°c,kevin_magnussen,5.0,haas,8.0,,+1 Lap,10.0,8.0,64.051,64.46,64.26733333333333,Kevin Magnussen,Danish,MAG,10/5/1992,Red Bull Ring,47.2197,14.7647,Spielburg,Austria,Race circuit,Clockwise,4.318
2019,2019-06-30,954,9,austrian,red_bull_ring,306.452,"sunny , 36c  (97f) dry   34°c",kevin_magnussen,19.0,haas,10.0,,+2 Laps,0.0,5.0,64.072,64.778,64.43866666666666,Kevin Magnussen,Danish,MAG,10/5/1992,Red Bull Ring,47.2197,14.7647,Spielburg,Austria,Race circuit,Clockwise,4.318
2020,2020-07-05,955,1,austrian,red_bull_ring,306.452,sunny  dry   27.6°c,kevin_magnussen,17.0,haas,16.0,,Brakes,0.0,16.0,65.164,65.164,65.164,Kevin Magnussen,Danish,MAG,10/5/1992,Red Bull Ring,47.2197,14.7647,Spielburg,Austria,Race circuit,Clockwise,4.318
2020,2020-07-12,956,2,styrian,red_bull_ring,306.452,sunny  dry   20°c,kevin_magnussen,12.0,haas,15.0,,+1 Lap,0.0,15.0,80.211,81.14,80.6755,Kevin Magnussen,Danish,MAG,10/5/1992,Red Bull Ring,47.2197,14.7647,Spielburg,Austria,Race circuit,Clockwise,4.318
2021,2021-06-27,965,8,styrian,red_bull_ring,306.452,partly cloudy . ambient temperature   27.0°c  (80.5°f)  surface temperature   52.0°c  (125.5°f) ,alonso,9.0,alpine,8.0,,+1 Lap,2.0,9.0,64.574,64.971,64.709,Fernando Alonso,Spanish,ALO,7/29/1981,Red Bull Ring,47.2197,14.7647,Spielburg,Austria,Race circuit,Clockwise,4.318
2021,2021-07-04,966,9,austrian,red_bull_ring,306.452,partly cloudy  ,alonso,10.0,alpine,14.0,,+1 Lap,1.0,14.0,64.472,64.856,64.66399999999999,Fernando Alonso,Spanish,ALO,7/29/1981,Red Bull Ring,47.2197,14.7647,Spielburg,Austria,Race circuit,Clockwise,4.318
2014,2014-07-06,1151,9,british,silverstone,306.198,mostly cloudy  with maximum temperatures reaching 21 degrees during the day. ,rosberg,18.0,mercedes,1.0,,Gearbox,0.0,1.0,95.179,100.38,97.10833333333332,Nico Rosberg,German,ROS,6/27/1985,Silverstone Circuit,52.0786,-1.01694,Silverstone,UK,Race circuit,Clockwise,5.891
2015,2015-07-05,1152,9,british,silverstone,306.198,"cloudy , rain at times 18.5°c  (65.5°f) air temperature 28.0°c  (82.5°f) track temperature 2.5m/s  (8.2ft/s) wind from the east dry clouded 22°c",rosberg,2.0,mercedes,2.0,5498.685,Finished,18.0,2.0,92.361,93.475,92.85766666666666,Nico Rosberg,German,ROS,6/27/1985,Silverstone Circuit,52.0786,-1.01694,Silverstone,UK,Race circuit,Clockwise,5.891
2016,2016-07-10,1153,10,british,silverstone,306.198,"wet at start, dry  later  15°c wet dry overcast",rosberg,3.0,mercedes,2.0,5712.742,Finished,15.0,2.0,89.606,90.724,90.1,Nico Rosberg,German,ROS,6/27/1985,Silverstone Circuit,52.0786,-1.01694,Silverstone,UK,Race circuit,Clockwise,5.891
2017,2017-07-16,1156,10,british,silverstone,300.307,overcast sunny clear sky 23°c,kevin_magnussen,12.0,haas,16.0,,+1 Lap,0.0,17.0,102.577,102.577,102.577,Kevin Magnussen,Danish,MAG,10/5/1992,Silverstone Circuit,52.0786,-1.01694,Silverstone,UK,Race circuit,Clockwise,5.891
2018,2018-07-08,1157,10,british,silverstone,306.198,sunny  27.0°c  (80.6°f) dry 26.7°c,kevin_magnussen,9.0,haas,7.0,5282.972,Finished,2.0,7.0,87.244,88.143,87.70566666666666,Kevin Magnussen,Danish,MAG,10/5/1992,Silverstone Circuit,52.0786,-1.01694,Silverstone,UK,Race circuit,Clockwise,5.891
2019,2019-07-14,1158,10,british,silverstone,306.198,partly cloudy  dry   18.3°c,kevin_magnussen,20.0,haas,16.0,,Collision,0.0,16.0,86.662,86.662,86.662,Kevin Magnussen,Danish,MAG,10/5/1992,Silverstone Circuit,52.0786,-1.01694,Silverstone,UK,Race circuit,Clockwise,5.891
2020,2020-08-02,1159,4,british,silverstone,306.198,partly cloudy  dry  21°c,kevin_magnussen,19.0,haas,14.0,,Collision,0.0,16.0,87.158,87.158,87.158,Kevin Magnussen,Danish,MAG,10/5/1992,Silverstone Circuit,52.0786,-1.01694,Silverstone,UK,Race circuit,Clockwise,5.891
2020,2020-08-09,1160,5,70th-anniversary,silverstone,306.198,sunny  dry  24°c,kevin_magnussen,20.0,haas,17.0,,Retired,0.0,17.0,88.236,88.236,88.236,Kevin Magnussen,Danish,MAG,10/5/1992,Silverstone Circuit,52.0786,-1.01694,Silverstone,UK,Race circuit,Clockwise,5.891
2021,2021-07-18,1169,10,british,silverstone,306.198,clear . ambient  30.0°c  (86.0°f)  surface  50.0°c  (122.0°f) ,alonso,7.0,alpine,7.0,7175.377,Finished,6.0,11.0,87.245,87.58,87.4125,Fernando Alonso,Spanish,ALO,7/29/1981,Silverstone Circuit,52.0786,-1.01694,Silverstone,UK,Race circuit,Clockwise,5.891
2014,2014-07-20,1335,10,german,hockenheimring,306.458,cloudy  with maximum temperatures reaching 26 degrees during the day. ,rosberg,1.0,mercedes,1.0,5622.914,Finished,25.0,1.0,76.54,77.631,77.09333333333335,Nico Rosberg,German,ROS,6/27/1985,Hockenheimring,49.3278,8.56583,Hockenheim,Germany,Race circuit,Clockwise,4.574
2016,2016-07-31,1336,12,german,hockenheimring,306.458,partially cloudy  and dry  ,rosberg,4.0,mercedes,1.0,5460.045,Finished,12.0,1.0,74.363,75.485,74.89566666666667,Nico Rosberg,German,ROS,6/27/1985,Hockenheimring,49.3278,8.56583,Hockenheim,Germany,Race circuit,Clockwise,4.574
2018,2018-07-22,1339,11,german,hockenheimring,306.458,overcast with intermittent rain dry wet 25.4°c,kevin_magnussen,11.0,haas,5.0,5584.764,Finished,0.0,5.0,72.2,73.105,72.60933333333332,Kevin Magnussen,Danish,MAG,10/5/1992,Hockenheimring,49.3278,8.56583,Hockenheim,Germany,Race circuit,Clockwise,4.574
2019,2019-07-28,1340,11,german,hockenheimring,292.736,"early rain, late clouds wet   21.2°c",kevin_magnussen,8.0,haas,12.0,6290.04,Finished,4.0,12.0,72.789,73.103,72.946,Kevin Magnussen,Danish,MAG,10/5/1992,Hockenheimring,49.3278,8.56583,Hockenheim,Germany,Race circuit,Clockwise,4.574
2014,2014-07-27,1419,11,hungarian,hungaroring,306.63,"overcast. wet track at start, then drying scattered thunderstorms during the day, temperatures reaching a maximum of 26 degrees. ",rosberg,4.0,mercedes,1.0,6791.419,Finished,12.0,1.0,82.715,85.227,83.75066666666667,Nico Rosberg,German,ROS,6/27/1985,Hungaroring,47.5789,19.2486,Budapest,Hungary,Race circuit,Clockwise,4.381
2015,2015-07-26,1420,10,hungarian,hungaroring,302.249,sunny 23.0°c  (73.5°f) air temperature 44.5°c  (112.0°f) track temperature 3.2m/s  (10ft/s) wind from the east dry clear 26°c,rosberg,8.0,mercedes,2.0,6428.861,Finished,4.0,2.0,82.595,82.979,82.783,Nico Rosberg,German,ROS,6/27/1985,Hungaroring,47.5789,19.2486,Budapest,Hungary,Race circuit,Clockwise,4.381
2016,2016-07-24,1421,11,hungarian,hungaroring,306.63,sunny  25°c dry sunny,rosberg,2.0,mercedes,1.0,6032.092,Finished,18.0,1.0,79.965,93.302,85.35766666666666,Nico Rosberg,German,ROS,6/27/1985,Hungaroring,47.5789,19.2486,Budapest,Hungary,Race circuit,Clockwise,4.381
2017,2017-07-30,1424,11,hungarian,hungaroring,306.63,sunny  sunny clear sky 27°c,kevin_magnussen,13.0,haas,15.0,,+1 Lap,0.0,16.0,79.095,79.095,79.095,Kevin Magnussen,Danish,MAG,10/5/1992,Hungaroring,47.5789,19.2486,Budapest,Hungary,Race circuit,Clockwise,4.381
2018,2018-07-29,1425,12,hungarian,hungaroring,306.63,None sunny  34.2°c,kevin_magnussen,7.0,haas,9.0,,+1 Lap,6.0,9.0,78.314,99.858,90.38,Kevin Magnussen,Danish,MAG,10/5/1992,Hungaroring,47.5789,19.2486,Budapest,Hungary,Race circuit,Clockwise,4.381
2019,2019-08-04,1426,12,hungarian,hungaroring,306.63,sunny  dry   26.8°c,kevin_magnussen,13.0,haas,14.0,,+1 Lap,0.0,15.0,76.122,77.081,76.6015,Kevin Magnussen,Danish,MAG,10/5/1992,Hungaroring,47.5789,19.2486,Budapest,Hungary,Race circuit,Clockwise,4.381
2020,2020-07-19,1427,3,hungarian,hungaroring,306.63,"wet at start, partly cloudy  dry   21.6°c",kevin_magnussen,10.0,haas,0.0,,+1 Lap,1.0,16.0,76.152,76.152,76.152,Kevin Magnussen,Danish,MAG,10/5/1992,Hungaroring,47.5789,19.2486,Budapest,Hungary,Race circuit,Clockwise,4.381
2021,2021-08-01,1563,11,hungarian,hungaroring,,None ,,,,,,,,,,,,,,,,Hungaroring,47.5789,19.2486,Budapest,Hungary,Race circuit,Clockwise,4.381
2014,2014-08-24,1564,12,belgian,spa,308.052,mostly cloudy  ,rosberg,2.0,mercedes,1.0,5079.939,Finished,18.0,1.0,125.591,127.13,126.48133333333334,Nico Rosberg,German,ROS,6/27/1985,Circuit de Spa-Francorchamps,50.4372,5.97139,Spa,Belgium,Race circuit,Clockwise,7.004
2015,2015-08-23,1565,11,belgian,spa,301.048,cloudy 23°c  (73°f) air temperature 35.0°c  (95.0°f) track temperature 3.5m/s  (11ft/s) wind from the northwest dry clear sky 23°c,rosberg,2.0,mercedes,2.0,5022.445,Finished,18.0,2.0,107.655,108.923,108.17766666666668,Nico Rosberg,German,ROS,6/27/1985,Circuit de Spa-Francorchamps,50.4372,5.97139,Spa,Belgium,Race circuit,Clockwise,7.004
2016,2016-08-28,1566,13,belgian,spa,308.052,partially cloudy  and dry  25°c dry clear,rosberg,1.0,mercedes,1.0,6291.058,Finished,25.0,1.0,106.744,108.019,107.254,Nico Rosberg,German,ROS,6/27/1985,Circuit de Spa-Francorchamps,50.4372,5.97139,Spa,Belgium,Race circuit,Clockwise,7.004
2017,2017-08-27,1569,12,belgian,spa,308.052,partially cloudy  and dry  23°c dry sunny,kevin_magnussen,15.0,haas,12.0,5150.082,Finished,0.0,13.0,105.4,105.535,105.4675,Kevin Magnussen,Danish,MAG,10/5/1992,Circuit de Spa-Francorchamps,50.4372,5.97139,Spa,Belgium,Race circuit,Clockwise,7.004
2018,2018-08-26,1570,13,belgian,spa,308.052,None dry  17.3°c,kevin_magnussen,8.0,haas,9.0,5102.115,Finished,4.0,9.0,103.32,124.933,110.69566666666668,Kevin Magnussen,Danish,MAG,10/5/1992,Circuit de Spa-Francorchamps,50.4372,5.97139,Spa,Belgium,Race circuit,Clockwise,7.004
2019,2019-09-01,1571,13,belgian,spa,308.052,partly cloudy  dry   17.25°c,kevin_magnussen,12.0,haas,8.0,,+1 Lap,0.0,10.0,104.738,105.839,105.221,Kevin Magnussen,Danish,MAG,10/5/1992,Circuit de Spa-Francorchamps,50.4372,5.97139,Spa,Belgium,Race circuit,Clockwise,7.004
2020,2020-08-30,1572,7,belgian,spa,308.052,partly cloudy  dry  19.3°c,kevin_magnussen,17.0,haas,20.0,5134.301,Finished,0.0,20.0,104.314,104.314,104.314,Kevin Magnussen,Danish,MAG,10/5/1992,Circuit de Spa-Francorchamps,50.4372,5.97139,Spa,Belgium,Race circuit,Clockwise,7.004
2021,2021-08-29,1710,12,belgian,spa,, ,,,,,,,,,,,,,,,,Circuit de Spa-Francorchamps,50.4372,5.97139,Spa,Belgium,Race circuit,Clockwise,7.004
2014,2014-09-07,1711,13,italian,monza,306.72,"sunny   air  25°c  (77°f), track  39.5°c  (103.5°f) ",rosberg,2.0,mercedes,2.0,4753.411,Finished,18.0,2.0,84.383,85.493,84.82533333333333,Nico Rosberg,German,ROS,6/27/1985,Autodromo Nazionale di Monza,45.6156,9.28111,Monza,Italy,Race circuit,Clockwise,5.793
2015,2015-09-06,1712,12,italian,monza,306.72,partly cloudy 22.5°c  (72.5°f) air temperature 38.5°c  (101.0°f) track temperature 1.5m/s  (4.9ft/s) wind from changing directions dry clear sky 22°c,rosberg,17.0,mercedes,4.0,,+3 Laps,0.0,4.0,83.703,84.609,84.05866666666667,Nico Rosberg,German,ROS,6/27/1985,Autodromo Nazionale di Monza,45.6156,9.28111,Monza,Italy,Race circuit,Clockwise,5.793
2016,2016-09-04,1713,14,italian,monza,306.72,"sunny , warm 29°c dry clear",rosberg,1.0,mercedes,2.0,4648.089,Finished,25.0,2.0,81.613,82.497,81.973,Nico Rosberg,German,ROS,6/27/1985,Autodromo Nazionale di Monza,45.6156,9.28111,Monza,Italy,Race circuit,Clockwise,5.793
2017,2017-09-03,1716,13,italian,monza,306.72,sunny  25°c dry sunny,kevin_magnussen,11.0,haas,9.0,,+1 Lap,0.0,16.0,100.489,100.489,100.489,Kevin Magnussen,Danish,MAG,10/5/1992,Autodromo Nazionale di Monza,45.6156,9.28111,Monza,Italy,Race circuit,Clockwise,5.793
2018,2018-09-02,1717,14,italian,monza,306.72,None dry  20.9°c,kevin_magnussen,16.0,haas,11.0,,+1 Lap,0.0,11.0,81.669,81.783,81.726,Kevin Magnussen,Danish,MAG,10/5/1992,Autodromo Nazionale di Monza,45.6156,9.28111,Monza,Italy,Race circuit,Clockwise,5.793
2019,2019-09-08,1718,14,italian,monza,306.72,partly cloudy  dry   22.3°c,kevin_magnussen,18.0,haas,11.0,,Hydraulics,0.0,12.0,80.615,80.616,80.6155,Kevin Magnussen,Danish,MAG,10/5/1992,Autodromo Nazionale di Monza,45.6156,9.28111,Monza,Italy,Race circuit,Clockwise,5.793
2020,2020-09-06,1719,8,italian,monza,306.72,sunny  dry  27.8°c,kevin_magnussen,19.0,haas,15.0,,Power Unit,0.0,15.0,80.869,81.573,81.221,Kevin Magnussen,Danish,MAG,10/5/1992,Autodromo Nazionale di Monza,45.6156,9.28111,Monza,Italy,Race circuit,Clockwise,5.793
2021,2021-09-12,1855,14,italian,monza,, ,,,,,,,,,,,,,,,,Autodromo Nazionale di Monza,45.6156,9.28111,Monza,Italy,Race circuit,Clockwise,5.793
2014,2014-09-21,1856,14,singapore,marina_bay,303.9,clear . air  29.0°c  (84.0°f) track  35.0°c  (95.0°f). ,rosberg,21.0,mercedes,2.0,,Electrical,0.0,2.0,105.688,107.244,106.25233333333334,Nico Rosberg,German,ROS,6/27/1985,Marina Bay Street Circuit,1.2914,103.864,Marina Bay,Singapore,Street circuit,Anti-clockwise,5.063
2015,2015-09-20,1857,13,singapore,marina_bay,308.828,dry 28.5°c  (83.0°f) air temperature 35.0°c  (95.0°f) track temperature 0.5m/s  (1.6ft/s) wind from the west dry clear sky 30°c,rosberg,4.0,mercedes,6.0,7306.838,Finished,12.0,6.0,105.415,106.201,105.75633333333332,Nico Rosberg,German,ROS,6/27/1985,Marina Bay Street Circuit,1.2914,103.864,Marina Bay,Singapore,Street circuit,Anti-clockwise,5.063
2016,2016-09-18,1858,15,singapore,marina_bay,308.828,clear 30°c  (86°f) air temperature 34.5°c  (94.0°f) track temperature 1.5m/s  (4.9ft/s) wind from the east 30°c dry sunny,rosberg,1.0,mercedes,1.0,6948.95,Finished,25.0,1.0,102.584,105.316,103.64,Nico Rosberg,German,ROS,6/27/1985,Marina Bay Street Circuit,1.2914,103.864,Marina Bay,Singapore,Street circuit,Anti-clockwise,5.063
2017,2017-09-17,1861,14,singapore,marina_bay,293.633,"wet at start, then drying air temperature   28°c  (82°f) 28°c wet  raining",kevin_magnussen,13.0,haas,16.0,,Engine,0.0,16.0,103.756,103.756,103.756,Kevin Magnussen,Danish,MAG,10/5/1992,Marina Bay Street Circuit,1.2914,103.864,Marina Bay,Singapore,Street circuit,Anti-clockwise,5.063
2018,2018-09-16,1862,15,singapore,marina_bay,308.706,None dry 29.7°c,kevin_magnussen,18.0,haas,16.0,,+2 Laps,0.0,16.0,99.644,99.644,99.644,Kevin Magnussen,Danish,MAG,10/5/1992,Marina Bay Street Circuit,1.2914,103.864,Marina Bay,Singapore,Street circuit,Anti-clockwise,5.063
2019,2019-09-22,1863,15,singapore,marina_bay,308.706,slightly hazy dry   30.3°c,kevin_magnussen,17.0,haas,13.0,7200.189,Finished,0.0,14.0,99.65,99.942,99.796,Kevin Magnussen,Danish,MAG,10/5/1992,Marina Bay Street Circuit,1.2914,103.864,Marina Bay,Singapore,Street circuit,Anti-clockwise,5.063
2014,2014-10-05,1980,15,japanese,suzuka,255.508,rain. air  20°c  (68°f) track  24°c  (75°f) ,rosberg,2.0,mercedes,1.0,6712.201,Finished,18.0,1.0,92.506,93.671,93.04233333333332,Nico Rosberg,German,ROS,6/27/1985,Suzuka Circuit,34.8431,136.541,Suzuka,Japan,Race circuit,Part clockwise and part anti-clockwise (figure eight),5.807
2015,2015-09-27,1981,14,japanese,suzuka,307.471,partly cloudy 27°c  (81°f) air temperature 53.0°c  (127.5°f) track temperature 4.5m/s  (15ft/s) wind from the east dry clouded 27°c,rosberg,2.0,mercedes,1.0,5305.472,Finished,18.0,1.0,92.584,93.015,92.74366666666668,Nico Rosberg,German,ROS,6/27/1985,Suzuka Circuit,34.8431,136.541,Suzuka,Japan,Race circuit,Part clockwise and part anti-clockwise (figure eight),5.807
2016,2016-10-09,1982,17,japanese,suzuka,307.573,cloudy  19°c dry,rosberg,1.0,mercedes,1.0,5203.333,Finished,25.0,1.0,90.647,91.858,91.073,Nico Rosberg,German,ROS,6/27/1985,Suzuka Circuit,34.8431,136.541,Suzuka,Japan,Race circuit,Part clockwise and part anti-clockwise (figure eight),5.807
2017,2017-10-08,1985,16,japanese,suzuka,307.471,sunny  26°c dry  sunny,kevin_magnussen,8.0,haas,12.0,5340.147,Finished,4.0,13.0,89.972,90.774,90.373,Kevin Magnussen,Danish,MAG,10/5/1992,Suzuka Circuit,34.8431,136.541,Suzuka,Japan,Race circuit,Part clockwise and part anti-clockwise (figure eight),5.807
2018,2018-10-07,1986,17,japanese,suzuka,307.471,None dry 29.4°c,kevin_magnussen,20.0,haas,12.0,,Collision damage,0.0,12.0,90.219,90.226,90.2225,Kevin Magnussen,Danish,MAG,10/5/1992,Suzuka Circuit,34.8431,136.541,Suzuka,Japan,Race circuit,Part clockwise and part anti-clockwise (figure eight),5.807
2019,2019-10-13,1987,17,japanese,suzuka,301.664,sunny  dry   21.75°c,kevin_magnussen,15.0,haas,19.0,,+1 Lap,0.0,19.0,,,,Kevin Magnussen,Danish,MAG,10/5/1992,Suzuka Circuit,34.8431,136.541,Suzuka,Japan,Race circuit,Part clockwise and part anti-clockwise (figure eight),5.807
2021,2021-10-10,2104,17,japanese,suzuka,, ,,,,,,,,,,,,,,,,Suzuka Circuit,34.8431,136.541,Suzuka,Japan,Race circuit,Part clockwise and part anti-clockwise (figure eight),5.807
2014,2014-10-12,2105,16,russian,sochi,309.944,"fine and dry  21°c  (70°f) ambient temperature ,33°c  (91°f) track temperature  ",rosberg,2.0,mercedes,2.0,5524.401,Finished,18.0,2.0,98.606,99.076,98.79833333333332,Nico Rosberg,German,ROS,6/27/1985,Sochi Autodrom,43.4057,39.9578,Sochi,Russia,Race circuit,Clockwise,5.848
2015,2015-10-11,2106,15,russian,sochi,309.745,partly cloudy 18°c  (64°f) air temperature 26.0°c  (79.0°f) track temperature 1.5m/s  (4.9ft/s) wind from the north dry partly clouded 17°c,rosberg,18.0,mercedes,1.0,,Throttle,0.0,1.0,97.113,98.343,97.652,Nico Rosberg,German,ROS,6/27/1985,Sochi Autodrom,43.4057,39.9578,Sochi,Russia,Race circuit,Clockwise,5.848
2016,2016-05-01,2107,4,russian,sochi,309.745,partly cloudy 16°c  (61°f) air temperature 39.0°c  (102.5°f) track temperature 2.5m/s  (8.2ft/s) wind from the southwest dry sunny,rosberg,1.0,mercedes,1.0,5561.997,Finished,25.0,1.0,95.337,96.119,95.62433333333335,Nico Rosberg,German,ROS,6/27/1985,Sochi Autodrom,43.4057,39.9578,Sochi,Russia,Race circuit,Clockwise,5.848
2017,2017-04-30,2110,4,russian,sochi,304.096,None sunny clear sky 26°c,kevin_magnussen,13.0,haas,13.0,,+1 Lap,0.0,14.0,96.017,96.408,96.2125,Kevin Magnussen,Danish,MAG,10/5/1992,Sochi Autodrom,43.4057,39.9578,Sochi,Russia,Race circuit,Clockwise,5.848
2018,2018-09-30,2111,16,russian,sochi,309.745,None dry 23.4°c,kevin_magnussen,8.0,haas,5.0,,+1 Lap,4.0,5.0,93.181,94.078,93.66866666666664,Kevin Magnussen,Danish,MAG,10/5/1992,Sochi Autodrom,43.4057,39.9578,Sochi,Russia,Race circuit,Clockwise,5.848
2019,2019-09-29,2112,16,russian,sochi,309.745,partly cloudy  dry   22.35°c,kevin_magnussen,9.0,haas,13.0,5677.771,Finished,2.0,14.0,93.889,94.082,93.9855,Kevin Magnussen,Danish,MAG,10/5/1992,Sochi Autodrom,43.4057,39.9578,Sochi,Russia,Race circuit,Clockwise,5.848
2020,2020-09-27,2113,10,russian,sochi,309.745,sunny  dry  30.1°c,kevin_magnussen,12.0,haas,18.0,,+1 Lap,0.0,18.0,94.681,94.681,94.681,Kevin Magnussen,Danish,MAG,10/5/1992,Sochi Autodrom,43.4057,39.9578,Sochi,Russia,Race circuit,Clockwise,5.848
2021,2021-09-26,2250,15,russian,sochi,, ,,,,,,,,,,,,,,,,Sochi Autodrom,43.4057,39.9578,Sochi,Russia,Race circuit,Clockwise,5.848
2014,2014-11-02,2251,17,us,americas,308.405,"sunny , ",rosberg,2.0,mercedes,1.0,6009.099,Finished,18.0,1.0,96.067,98.303,96.88666666666668,Nico Rosberg,German,ROS,6/27/1985,Circuit of the Americas,30.1328,-97.6411,Austin,USA,Race circuit,Anti-clockwise,5.513
2015,2015-10-25,2252,16,us,americas,308.405,very cloudy 17°c  (63°f) air temperature 18.5°c  (65.5°f) track temperature 8m/s  (26ft/s) wind from the south dry clouded 17°c,rosberg,2.0,mercedes,1.0,6655.553,Finished,18.0,1.0,116.671,116.824,116.7475,Nico Rosberg,German,ROS,6/27/1985,Circuit of the Americas,30.1328,-97.6411,Austin,USA,Race circuit,Anti-clockwise,5.513
2016,2016-10-23,2253,18,us,americas,308.405,sunny  and hot with temperatures reaching up to 84°f  (29°c)  wind speeds approaching speeds of 9.2 miles per hour  (14.8km/h) 19°c dry,rosberg,2.0,mercedes,2.0,5897.138,Finished,18.0,2.0,95.215,96.397,95.98766666666666,Nico Rosberg,German,ROS,6/27/1985,Circuit of the Americas,30.1328,-97.6411,Austin,USA,Race circuit,Anti-clockwise,5.513
2017,2017-10-22,2256,17,us,americas,308.405,sunny  with temperatures reaching up to 82.9°f  (28.3°c)  wind speeds approaching speeds of 13.8 miles per hour  (22.2km/h) 25°c dry  clear sky,kevin_magnussen,16.0,haas,17.0,,+1 Lap,0.0,20.0,97.394,97.394,97.394,Kevin Magnussen,Danish,MAG,10/5/1992,Circuit of the Americas,30.1328,-97.6411,Austin,USA,Race circuit,Anti-clockwise,5.513
2018,2018-10-21,2257,18,us,americas,308.405,None dry 20.9°c,kevin_magnussen,20.0,haas,12.0,,Disqualified,0.0,12.0,94.732,94.972,94.852,Kevin Magnussen,Danish,MAG,10/5/1992,Circuit of the Americas,30.1328,-97.6411,Austin,USA,Race circuit,Anti-clockwise,5.513
2019,2019-11-03,2258,19,us,americas,308.405,sunny  dry   21.3°c,kevin_magnussen,18.0,haas,12.0,,Brakes,0.0,12.0,93.812,93.979,93.8955,Kevin Magnussen,Danish,MAG,10/5/1992,Circuit of the Americas,30.1328,-97.6411,Austin,USA,Race circuit,Anti-clockwise,5.513
2021,2021-10-24,2373,18,us,americas,, ,,,,,,,,,,,,,,,,Circuit of the Americas,30.1328,-97.6411,Austin,USA,Race circuit,Anti-clockwise,5.513
2014,2014-11-09,2374,18,brazilian,interlagos,305.909,"sunny , air  23.5°c  (74.0°f), track  48.0°c  (118.5°f) ",rosberg,1.0,mercedes,1.0,5402.555,Finished,25.0,1.0,70.023,70.347,70.22433333333332,Nico Rosberg,German,ROS,6/27/1985,Autódromo José Carlos Pace,-23.7036,-46.6997,São Paulo,Brazil,Race circuit,Anti-clockwise,4.309
2015,2015-11-15,2375,18,brazilian,interlagos,305.909,dry 25.0°c  (77.0°f) air temperature 43.0°c  (109.0°f) track temperature 2.5m/s  (8.2ft/s) wind from the north dry overcast 22°c,rosberg,1.0,mercedes,1.0,5469.09,Finished,25.0,1.0,71.282,72.213,71.747,Nico Rosberg,German,ROS,6/27/1985,Autódromo José Carlos Pace,-23.7036,-46.6997,São Paulo,Brazil,Race circuit,Anti-clockwise,4.309
2016,2016-11-13,2376,20,brazilian,interlagos,305.909,rain and 16°c  (60.8°f) 18°c clouds  rain,rosberg,2.0,mercedes,2.0,10872.79,Finished,18.0,2.0,70.838,71.815,71.342,Nico Rosberg,German,ROS,6/27/1985,Autódromo José Carlos Pace,-23.7036,-46.6997,São Paulo,Brazil,Race circuit,Anti-clockwise,4.309
2017,2017-11-12,2379,19,brazilian,interlagos,305.909,None 27°c clear sky  sunny,kevin_magnussen,20.0,haas,13.0,,Accident,0.0,14.0,70.154,70.521,70.3375,Kevin Magnussen,Danish,MAG,10/5/1992,Autódromo José Carlos Pace,-23.7036,-46.6997,São Paulo,Brazil,Race circuit,Anti-clockwise,4.309
2018,2018-11-11,2380,20,brazilian,interlagos,305.879,None dry 24°c,kevin_magnussen,9.0,haas,10.0,5281.923,Finished,2.0,11.0,68.474,68.659,68.5665,Kevin Magnussen,Danish,MAG,10/5/1992,Autódromo José Carlos Pace,-23.7036,-46.6997,São Paulo,Brazil,Race circuit,Anti-clockwise,4.309
2019,2019-11-17,2381,20,brazilian,interlagos,305.879,sunny  dry  20.4°c,kevin_magnussen,11.0,haas,9.0,5607.41,Finished,0.0,10.0,68.803,69.037,68.905,Kevin Magnussen,Danish,MAG,10/5/1992,Autódromo José Carlos Pace,-23.7036,-46.6997,São Paulo,Brazil,Race circuit,Anti-clockwise,4.309
2021,2021-11-07,2496,20,brazilian,interlagos,, ,,,,,,,,,,,,,,,,Autódromo José Carlos Pace,-23.7036,-46.6997,São Paulo,Brazil,Race circuit,Anti-clockwise,4.309
2014,2014-11-23,2497,19,abu-dhabi,yas_marina,305.355,"clear  skies  air temp  30 °c  (86 °f) during the day, dropping to 24 °c  (75.2 °f). wind speed  8 km/h  (4.9 mph).  (night race) ",rosberg,14.0,mercedes,1.0,,+1 Lap,0.0,1.0,100.48,101.459,101.08233333333334,Nico Rosberg,German,ROS,6/27/1985,Yas Marina Circuit,24.4672,54.6031,Abu Dhabi,UAE,Race circuit,Anti-clockwise,5.554
2015,2015-11-29,2498,19,abu-dhabi,yas_marina,305.355,clear 26.0°c  (79.0°f) air temperature 28.5°c  (83.0°f) track temperature 1.5m/s  (4.9ft/s) wind from the south dry clear sky 25°c,rosberg,1.0,mercedes,1.0,5910.175,Finished,25.0,1.0,100.237,101.111,100.77566666666668,Nico Rosberg,German,ROS,6/27/1985,Yas Marina Circuit,24.4672,54.6031,Abu Dhabi,UAE,Race circuit,Anti-clockwise,5.554
2016,2016-11-27,2499,21,abu-dhabi,yas_marina,305.47,sunny  27°c dry  sunny,rosberg,2.0,mercedes,2.0,5884.452,Finished,18.0,2.0,99.058,100.511,99.68633333333332,Nico Rosberg,German,ROS,6/27/1985,Yas Marina Circuit,24.4672,54.6031,Abu Dhabi,UAE,Race circuit,Anti-clockwise,5.554
2017,2017-11-26,2502,20,abu-dhabi,yas_marina,305.355,clear  24°c dry  sunny,kevin_magnussen,13.0,haas,14.0,,+1 Lap,0.0,14.0,99.298,99.395,99.3465,Kevin Magnussen,Danish,MAG,10/5/1992,Yas Marina Circuit,24.4672,54.6031,Abu Dhabi,UAE,Race circuit,Anti-clockwise,5.554
2018,2018-11-25,2503,21,abu-dhabi,yas_marina,305.355,None partly clouded  dry,kevin_magnussen,10.0,haas,13.0,,+1 Lap,1.0,13.0,97.309,97.934,97.6215,Kevin Magnussen,Danish,MAG,10/5/1992,Yas Marina Circuit,24.4672,54.6031,Abu Dhabi,UAE,Race circuit,Anti-clockwise,5.554
2019,2019-12-01,2504,21,abu-dhabi,yas_marina,305.355,clear  dry  25.85°c,kevin_magnussen,14.0,haas,14.0,,+1 Lap,0.0,15.0,97.254,97.71,97.482,Kevin Magnussen,Danish,MAG,10/5/1992,Yas Marina Circuit,24.4672,54.6031,Abu Dhabi,UAE,Race circuit,Anti-clockwise,5.554
2020,2020-12-13,2505,17,abu-dhabi,yas_marina,305.355,clear  dry  22.4°c,kevin_magnussen,18.0,haas,20.0,,+1 Lap,0.0,17.0,97.863,97.863,97.863,Kevin Magnussen,Danish,MAG,10/5/1992,Yas Marina Circuit,24.4672,54.6031,Abu Dhabi,UAE,Race circuit,Anti-clockwise,5.554
2021,2021-12-12,2639,23,abu-dhabi,yas_marina,, ,,,,,,,,,,,,,,,,Yas Marina Circuit,24.4672,54.6031,Abu Dhabi,UAE,Race circuit,Anti-clockwise,5.554
2015,2015-11-01,2640,17,mexican,rodriguez,305.354,partly cloudy 23.0°c  (73.5°f) air temperature 52.0°c  (125.5°f) track temperature 1.5m/s  (4.9ft/s) wind from the northwest wet clouded 26°c,rosberg,1.0,mercedes,1.0,6155.038,Finished,25.0,1.0,79.48,80.436,79.98966666666666,Nico Rosberg,German,ROS,6/27/1985,Autódromo Hermanos Rodríguez,19.4042,-99.0907,Mexico City,Mexico,Race circuit,Clockwise,4.304
2016,2016-10-30,2641,19,mexican,rodriguez,305.354,sunny  19°c dry,rosberg,2.0,mercedes,2.0,6039.756,Finished,18.0,2.0,78.958,79.996,79.57166666666667,Nico Rosberg,German,ROS,6/27/1985,Autódromo Hermanos Rodríguez,19.4042,-99.0907,Mexico City,Mexico,Race circuit,Clockwise,4.304
2017,2017-10-29,2643,18,mexican,rodriguez,305.354,"sunny , dry  21°c dry  sunny",kevin_magnussen,8.0,haas,14.0,,+1 Lap,4.0,18.0,79.443,79.443,79.443,Kevin Magnussen,Danish,MAG,10/5/1992,Autódromo Hermanos Rodríguez,19.4042,-99.0907,Mexico City,Mexico,Race circuit,Clockwise,4.304
2018,2018-10-28,2644,19,mexican,rodriguez,305.354,None dry 18.5°c,kevin_magnussen,15.0,haas,16.0,,+2 Laps,0.0,18.0,77.599,77.599,77.599,Kevin Magnussen,Danish,MAG,10/5/1992,Autódromo Hermanos Rodríguez,19.4042,-99.0907,Mexico City,Mexico,Race circuit,Clockwise,4.304
2019,2019-10-27,2645,18,mexican,rodriguez,305.354,partly cloudy  dry   22.3°c,kevin_magnussen,15.0,haas,17.0,,+2 Laps,0.0,17.0,78.436,78.436,78.436,Kevin Magnussen,Danish,MAG,10/5/1992,Autódromo Hermanos Rodríguez,19.4042,-99.0907,Mexico City,Mexico,Race circuit,Clockwise,4.304
2021,2021-10-31,2744,19,mexican,rodriguez,, ,,,,,,,,,,,,,,,,Autódromo Hermanos Rodríguez,19.4042,-99.0907,Mexico City,Mexico,Race circuit,Clockwise,4.304
2016,2016-06-19,2745,8,european,BAK,306.049,partly cloudy 31.5°c  (88.5°f) air temperature 42.0°c  (107.5°f) track temperature 2.5m/s  (8.2ft/s) wind from the southeast 25°c dry sunny,rosberg,1.0,mercedes,1.0,5572.366,Finished,25.0,1.0,102.52,103.685,102.98766666666666,Nico Rosberg,German,ROS,6/27/1985,Baku City Circuit,40.3725,49.8533,Baku,Azerbaijan,Street circuit,Anti-clockwise,6.003
2017,2017-06-25,2747,8,azerbaijan,BAK,306.049,sunny  sunny clear sky 26°c,kevin_magnussen,7.0,haas,12.0,7477.326,Finished,6.0,13.0,103.796,104.029,103.9125,Kevin Magnussen,Danish,MAG,10/5/1992,Baku City Circuit,40.3725,49.8533,Baku,Azerbaijan,Street circuit,Anti-clockwise,6.003
2018,2018-04-29,2748,4,azerbaijan,BAK,306.049,cloudy  dry 17.1°c,kevin_magnussen,13.0,haas,15.0,6264.954,Finished,0.0,15.0,103.674,104.759,104.2165,Kevin Magnussen,Danish,MAG,10/5/1992,Baku City Circuit,40.3725,49.8533,Baku,Azerbaijan,Street circuit,Anti-clockwise,6.003
2019,2019-04-28,2749,4,azerbaijan,BAK,306.049,None dry   20.0°c,kevin_magnussen,13.0,haas,12.0,,+1 Lap,0.0,13.0,102.382,102.699,102.5405,Kevin Magnussen,Danish,MAG,10/5/1992,Baku City Circuit,40.3725,49.8533,Baku,Azerbaijan,Street circuit,Anti-clockwise,6.003
2021,2021-06-06,2754,6,azerbaijan,BAK,306.049,sunny  dry  24.5°c,alonso,6.0,alpine,8.0,8022.792,Finished,8.0,9.0,102.195,102.934,102.48533333333334,Fernando Alonso,Spanish,ALO,7/29/1981,Baku City Circuit,40.3725,49.8533,Baku,Azerbaijan,Street circuit,Anti-clockwise,6.003
2018,2018-06-24,2847,8,french,ricard,309.69,"partially cloudy , warm and dry  dry 25.2°c",kevin_magnussen,6.0,haas,9.0,5490.749,Finished,8.0,9.0,91.51,92.93,92.20300000000002,Kevin Magnussen,Danish,MAG,10/5/1992,Circuit Paul Ricard,43.2506,5.79167,Le Castellet,France,Race circuit,Clockwise,5.842
2019,2019-06-23,2848,8,french,ricard,309.69,clear  dry   26.25°c,kevin_magnussen,17.0,haas,15.0,,+1 Lap,0.0,15.0,91.166,91.44,91.303,Kevin Magnussen,Danish,MAG,10/5/1992,Circuit Paul Ricard,43.2506,5.79167,Le Castellet,France,Race circuit,Clockwise,5.842
2021,2021-06-20,2850,7,french,ricard,309.69,windy and partly cloudy . ambient temperature   25.5°c  (78.0°f)  surface temperature   35.5°c  (95.5°f) ,alonso,8.0,alpine,9.0,5323.465,Finished,4.0,9.0,91.34,92.158,91.68233333333336,Fernando Alonso,Spanish,ALO,7/29/1981,Circuit Paul Ricard,43.2506,5.79167,Le Castellet,France,Race circuit,Clockwise,5.842
2020,2020-09-13,2907,9,tuscan,mugello,309.497,sunny  dry  30.3°c,kevin_magnussen,16.0,haas,20.0,,Collision,0.0,20.0,77.348,77.348,77.348,Kevin Magnussen,Danish,MAG,10/5/1992,Autodromo Internazionale del Mugello,43.9975,11.3719,Mugello,Italy,Race circuit,Clockwise,5.245
2020,2020-10-11,2927,11,eifel,nurburgring,308.617,"partly cloudy , 10°c  (50°f) dry  9.8°c",kevin_magnussen,13.0,haas,15.0,5799.226,Finished,0.0,15.0,87.125,87.231,87.178,Kevin Magnussen,Danish,MAG,10/5/1992,Nürburgring,50.3356,6.9475,Nürburg,Germany,Race circuit,Clockwise,5.148
2020,2020-10-25,2947,12,portuguese,portimao,306.826,cloudy  dry   25.4°c,kevin_magnussen,16.0,haas,19.0,,+1 Lap,0.0,19.0,78.508,78.508,78.508,Kevin Magnussen,Danish,MAG,10/5/1992,Autódromo Internacional do Algarve,37.227,-8.6267,Portimão,Portugal,Race circuit,Clockwise,4.653
2021,2021-05-02,2948,3,portuguese,portimao,306.826,light cloud dry  19.5°c,alonso,8.0,alpine,13.0,5673.229,Finished,4.0,13.0,79.456,79.728,79.592,Fernando Alonso,Spanish,ALO,7/29/1981,Autódromo Internacional do Algarve,37.227,-8.6267,Portimão,Portugal,Race circuit,Clockwise,4.653
2020,2020-11-01,2987,13,emilia-romagna,imola,309.049,partly cloudy  dry  18°c,kevin_magnussen,18.0,haas,17.0,,Illness,0.0,17.0,75.939,75.939,75.939,Kevin Magnussen,Danish,MAG,10/5/1992,Autodromo Enzo e Dino Ferrari,44.3439,11.7167,Imola,Italy,Race circuit,Anti-clockwise,4.909
2021,2021-04-18,2988,2,emilia-romagna,imola,309.049,"wet at start, drying during race, 9°c  (48°f) wet  9.45°c",alonso,10.0,alpine,15.0,7421.159,Finished,1.0,15.0,75.593,75.832,75.7125,Fernando Alonso,Spanish,ALO,7/29/1981,Autodromo Enzo e Dino Ferrari,44.3439,11.7167,Imola,Italy,Race circuit,Anti-clockwise,4.909
2020,2020-11-15,3027,14,turkish,istanbul,309.396,overcast. wet and drying track. air  12.5°c  (54.5°f)  track  15.5°c  (60.0°f) 13.1°c,kevin_magnussen,17.0,haas,13.0,,Withdrew,0.0,16.0,128.007,128.007,128.007,Kevin Magnussen,Danish,MAG,10/5/1992,Istanbul Park,40.9517,29.405,Istanbul,Turkey,Race circuit,Anti-clockwise,5.338
2021,2021-10-03,3047,16,turkish,istanbul,, ,,,,,,,,,,,,,,,,Istanbul Park,40.9517,29.405,Istanbul,Turkey,Race circuit,Anti-clockwise,5.338
2021,2021-09-05,3048,13,dutch,zandvoort,, ,,,,,,,,,,,,,,,,Circuit Park Zandvoort,52.3888,4.54092,Zandvoort,Netherlands,Race circuit,Clockwise,4.259
2021,2021-12-05,3049,22,saudi-arabian,jeddah,, ,,,,,,,,,,,,,,,,Jeddah Street Circuit,21.5433,39.1728,Jeddah,Saudi Arabia,Street circuit,Anti-clockwise,6.175
